[
{"$type":"Sensus.Shared.Probes.Location.LocationDatum, Sensus.Android","Latitude":30.3043386,"Longitude":-97.71686979,"Accuracy":8.0,"Id":"f275a4a7-8709-4e66-bdf2-7ca7890f0fa1","DeviceId":"e009d040232a2b50","Timestamp":"2016-10-20T18:33:27+00:00","ProtocolId":"df463a57-fd92-4d66-b6ca-683dfa1c2cb4","Anonymized":true},
{"$type":"Sensus.Shared.Probes.Location.LocationDatum, Sensus.Android","Latitude":30.3042439,"Longitude":-97.7167636,"Accuracy":24.142999649047852,"Id":"33ee533b-998b-468b-a17a-22f1db9adeae","DeviceId":"e009d040232a2b50","Timestamp":"2016-10-20T19:03:43.355+00:00","ProtocolId":"df463a57-fd92-4d66-b6ca-683dfa1c2cb4","Anonymized":true},
{"$type":"Sensus.Shared.Probes.Location.LocationDatum, Sensus.Android","Latitude":30.30432851,"Longitude":-97.71699986,"Accuracy":14.0,"Id":"15d10f4a-f90f-408b-ab9f-263cccb528d5","DeviceId":"e009d040232a2b50","Timestamp":"2016-10-20T19:03:45+00:00","ProtocolId":"df463a57-fd92-4d66-b6ca-683dfa1c2cb4","Anonymized":true},
{"$type":"Sensus.Shared.Probes.Location.LocationDatum, Sensus.Android","Latitude":30.30432851,"Longitude":-97.71699986,"Accuracy":14.0,"Id":"ba26c60f-6915-4b20-8922-c352831202d5","DeviceId":"e009d040232a2b50","Timestamp":"2016-10-20T19:03:45+00:00","ProtocolId":"df463a57-fd92-4d66-b6ca-683dfa1c2cb4","Anonymized":true},
{"$type":"Sensus.Shared.Probes.Location.LocationDatum, Sensus.Android","Latitude":30.30432851,"Longitude":-97.71699986,"Accuracy":14.0,"Id":"d5a502f7-ae63-44ed-b6a2-af3cba942e88","DeviceId":"e009d040232a2b50","Timestamp":"2016-10-20T19:03:45+00:00","ProtocolId":"df463a57-fd92-4d66-b6ca-683dfa1c2cb4","Anonymized":true},
{"$type":"Sensus.Shared.Probes.Location.LocationDatum, Sensus.Android","Latitude":30.30432851,"Longitude":-97.71699986,"Accuracy":14.0,"Id":"9d8169ed-c8ab-4c4d-a3bd-d30e8ded6809","DeviceId":"e009d040232a2b50","Timestamp":"2016-10-20T19:03:45+00:00","ProtocolId":"df463a57-fd92-4d66-b6ca-683dfa1c2cb4","Anonymized":true}
]