[
{"$type":"Sensus.Shared.Probes.Location.LocationDatum, Sensus.Android","Latitude":30.30443275,"Longitude":-97.71686672,"Accuracy":14.0,"Id":"597230ae-d4f9-4860-85b8-00a8175c6581","DeviceId":"e009d040232a2b50","Timestamp":"2016-10-20T18:26:06+00:00","ProtocolId":"df463a57-fd92-4d66-b6ca-683dfa1c2cb4","Anonymized":true},
{"$type":"Sensus.Shared.Probes.Location.LocationDatum, Sensus.Android","Latitude":30.30443275,"Longitude":-97.71686672,"Accuracy":14.0,"Id":"2c60146d-813c-4d93-9cd0-63f2b4c77e12","DeviceId":"e009d040232a2b50","Timestamp":"2016-10-20T18:26:06+00:00","ProtocolId":"df463a57-fd92-4d66-b6ca-683dfa1c2cb4","Anonymized":true},
{"$type":"Sensus.Shared.Probes.Location.LocationDatum, Sensus.Android","Latitude":30.30443275,"Longitude":-97.71686672,"Accuracy":14.0,"Id":"45997b98-2356-4ed5-ba7f-06ff0531893c","DeviceId":"e009d040232a2b50","Timestamp":"2016-10-20T18:26:06+00:00","ProtocolId":"df463a57-fd92-4d66-b6ca-683dfa1c2cb4","Anonymized":true},
{"$type":"Sensus.Shared.Probes.Location.LocationDatum, Sensus.Android","Latitude":30.30443275,"Longitude":-97.71686672,"Accuracy":14.0,"Id":"be7ef21a-0d23-4125-8fa9-0d5b058d514a","DeviceId":"e009d040232a2b50","Timestamp":"2016-10-20T18:26:06+00:00","ProtocolId":"df463a57-fd92-4d66-b6ca-683dfa1c2cb4","Anonymized":true},
{"$type":"Sensus.Shared.Probes.Location.LocationDatum, Sensus.Android","Latitude":30.30443275,"Longitude":-97.71686672,"Accuracy":14.0,"Id":"ca72e705-f8c4-4101-b1a3-043118e3d045","DeviceId":"e009d040232a2b50","Timestamp":"2016-10-20T18:26:06+00:00","ProtocolId":"df463a57-fd92-4d66-b6ca-683dfa1c2cb4","Anonymized":true}
]