[
{"$type":"Sensus.Shared.Probes.Movement.SpeedDatum, Sensus.Android","KPH":53.737519774832954,"Accuracy":83.474044799804688,"Id":"99fa3570-3af4-45dc-9757-b521ad2fe2e6","DeviceId":"e009d040232a2b50","Timestamp":"2016-10-20T19:03:45+00:00","ProtocolId":"df463a57-fd92-4d66-b6ca-683dfa1c2cb4","Anonymized":true},
{"$type":"Sensus.Shared.Probes.Movement.SpeedDatum, Sensus.Android","KPH":53.737519774832954,"Accuracy":83.474044799804688,"Id":"0549d34b-7ba5-4c92-b706-1d0877c6acd0","DeviceId":"e009d040232a2b50","Timestamp":"2016-10-20T19:03:45+00:00","ProtocolId":"df463a57-fd92-4d66-b6ca-683dfa1c2cb4","Anonymized":true}
]