[
{"$type":"Sensus.Shared.Probes.User.MicrosoftBand.MicrosoftBandSkinTemperatureDatum, Sensus.Android","Temperature":24.159999847412109,"Id":"71fa4065-abbd-42bb-98e0-5d02e0b14eee","DeviceId":"e009d040232a2b50","Timestamp":"2016-10-20T18:25:31.822712+00:00","ProtocolId":"df463a57-fd92-4d66-b6ca-683dfa1c2cb4","Anonymized":true},
{"$type":"Sensus.Shared.Probes.User.MicrosoftBand.MicrosoftBandSkinTemperatureDatum, Sensus.Android","Temperature":24.309999465942383,"Id":"0fa69a0e-568a-45ab-8c5b-85af4acf2fc2","DeviceId":"e009d040232a2b50","Timestamp":"2016-10-20T18:25:56.116635+00:00","ProtocolId":"df463a57-fd92-4d66-b6ca-683dfa1c2cb4","Anonymized":true},
{"$type":"Sensus.Shared.Probes.User.MicrosoftBand.MicrosoftBandSkinTemperatureDatum, Sensus.Android","Temperature":29.8799991607666,"Id":"6ed74af2-5524-4ac2-ba21-15fdb8166611","DeviceId":"e009d040232a2b50","Timestamp":"2016-10-19T21:12:28.99593+00:00","ProtocolId":"df463a57-fd92-4d66-b6ca-683dfa1c2cb4","Anonymized":true},
{"$type":"Sensus.Shared.Probes.User.MicrosoftBand.MicrosoftBandSkinTemperatureDatum, Sensus.Android","Temperature":29.899999618530273,"Id":"bf2e7f2a-e512-4594-b955-71cb15308f8d","DeviceId":"e009d040232a2b50","Timestamp":"2016-10-19T21:12:59.902867+00:00","ProtocolId":"df463a57-fd92-4d66-b6ca-683dfa1c2cb4","Anonymized":true},
{"$type":"Sensus.Shared.Probes.User.MicrosoftBand.MicrosoftBandSkinTemperatureDatum, Sensus.Android","Temperature":24.510000228881836,"Id":"c35708e0-89a6-49f1-9601-388955869b28","DeviceId":"e009d040232a2b50","Timestamp":"2016-10-20T18:26:27.063933+00:00","ProtocolId":"df463a57-fd92-4d66-b6ca-683dfa1c2cb4","Anonymized":true},
{"$type":"Sensus.Shared.Probes.User.MicrosoftBand.MicrosoftBandSkinTemperatureDatum, Sensus.Android","Temperature":24.709999084472656,"Id":"b516e64c-91e5-4bdd-aeed-a220a57e3201","DeviceId":"e009d040232a2b50","Timestamp":"2016-10-20T18:26:57.968432+00:00","ProtocolId":"df463a57-fd92-4d66-b6ca-683dfa1c2cb4","Anonymized":true},
{"$type":"Sensus.Shared.Probes.User.MicrosoftBand.MicrosoftBandSkinTemperatureDatum, Sensus.Android","Temperature":24.8799991607666,"Id":"e3ec6fa6-e63d-4e5e-a6f3-228fc1d425df","DeviceId":"e009d040232a2b50","Timestamp":"2016-10-20T18:27:28.890611+00:00","ProtocolId":"df463a57-fd92-4d66-b6ca-683dfa1c2cb4","Anonymized":true},
{"$type":"Sensus.Shared.Probes.User.MicrosoftBand.MicrosoftBandSkinTemperatureDatum, Sensus.Android","Temperature":25.049999237060547,"Id":"e925f15d-df0a-442b-9002-1d17d6271abe","DeviceId":"e009d040232a2b50","Timestamp":"2016-10-20T18:27:59.800564+00:00","ProtocolId":"df463a57-fd92-4d66-b6ca-683dfa1c2cb4","Anonymized":true},
{"$type":"Sensus.Shared.Probes.User.MicrosoftBand.MicrosoftBandSkinTemperatureDatum, Sensus.Android","Temperature":25.219999313354492,"Id":"c803e0ea-dce9-4fa0-aaf1-ab4f8f9258ea","DeviceId":"e009d040232a2b50","Timestamp":"2016-10-20T18:28:30.782272+00:00","ProtocolId":"df463a57-fd92-4d66-b6ca-683dfa1c2cb4","Anonymized":true},
{"$type":"Sensus.Shared.Probes.User.MicrosoftBand.MicrosoftBandSkinTemperatureDatum, Sensus.Android","Temperature":25.3799991607666,"Id":"29056511-8256-440f-8b11-f31f2d936d0b","DeviceId":"e009d040232a2b50","Timestamp":"2016-10-20T18:29:01.686335+00:00","ProtocolId":"df463a57-fd92-4d66-b6ca-683dfa1c2cb4","Anonymized":true}
]