[
{"$type":"Sensus.Shared.Probes.User.MicrosoftBand.MicrosoftBandHeartRateDatum, Sensus.Android","HeartRate":159.0,"Id":"edbac799-49b3-41e8-88fe-b092b5ec0651","DeviceId":"e009d040232a2b50","Timestamp":"2016-10-20T18:29:11.963797+00:00","ProtocolId":"df463a57-fd92-4d66-b6ca-683dfa1c2cb4","Anonymized":true},
{"$type":"Sensus.Shared.Probes.User.MicrosoftBand.MicrosoftBandHeartRateDatum, Sensus.Android","HeartRate":159.0,"Id":"4a2ef9f3-6b3b-4818-8e71-33f043158cca","DeviceId":"e009d040232a2b50","Timestamp":"2016-10-20T18:29:13.959001+00:00","ProtocolId":"df463a57-fd92-4d66-b6ca-683dfa1c2cb4","Anonymized":true},
{"$type":"Sensus.Shared.Probes.User.MicrosoftBand.MicrosoftBandHeartRateDatum, Sensus.Android","HeartRate":159.0,"Id":"1e284e30-943e-4618-9e74-90949f0fce61","DeviceId":"e009d040232a2b50","Timestamp":"2016-10-20T18:29:15.951993+00:00","ProtocolId":"df463a57-fd92-4d66-b6ca-683dfa1c2cb4","Anonymized":true},
{"$type":"Sensus.Shared.Probes.User.MicrosoftBand.MicrosoftBandHeartRateDatum, Sensus.Android","HeartRate":159.0,"Id":"d99f1cf2-285e-4a6d-8553-968bfae26c19","DeviceId":"e009d040232a2b50","Timestamp":"2016-10-20T18:29:17.947268+00:00","ProtocolId":"df463a57-fd92-4d66-b6ca-683dfa1c2cb4","Anonymized":true},
{"$type":"Sensus.Shared.Probes.User.MicrosoftBand.MicrosoftBandHeartRateDatum, Sensus.Android","HeartRate":159.0,"Id":"08306a39-203a-4173-9056-24755b714587","DeviceId":"e009d040232a2b50","Timestamp":"2016-10-20T18:29:18.961161+00:00","ProtocolId":"df463a57-fd92-4d66-b6ca-683dfa1c2cb4","Anonymized":true},
{"$type":"Sensus.Shared.Probes.User.MicrosoftBand.MicrosoftBandHeartRateDatum, Sensus.Android","HeartRate":159.0,"Id":"c1f7c37d-f600-46b7-9b16-16b98909e2f5","DeviceId":"e009d040232a2b50","Timestamp":"2016-10-20T18:29:59.778112+00:00","ProtocolId":"df463a57-fd92-4d66-b6ca-683dfa1c2cb4","Anonymized":true},
{"$type":"Sensus.Shared.Probes.User.MicrosoftBand.MicrosoftBandHeartRateDatum, Sensus.Android","HeartRate":159.0,"Id":"7a5c611a-3cca-4adf-bfa7-ea77dfc86b53","DeviceId":"e009d040232a2b50","Timestamp":"2016-10-20T18:29:57.792818+00:00","ProtocolId":"df463a57-fd92-4d66-b6ca-683dfa1c2cb4","Anonymized":true},
{"$type":"Sensus.Shared.Probes.User.MicrosoftBand.MicrosoftBandHeartRateDatum, Sensus.Android","HeartRate":159.0,"Id":"5b0e0a04-34b3-4ed8-af07-1e94547a600f","DeviceId":"e009d040232a2b50","Timestamp":"2016-10-20T18:29:56.790868+00:00","ProtocolId":"df463a57-fd92-4d66-b6ca-683dfa1c2cb4","Anonymized":true},
{"$type":"Sensus.Shared.Probes.User.MicrosoftBand.MicrosoftBandHeartRateDatum, Sensus.Android","HeartRate":159.0,"Id":"ebfe1c9e-ec1b-42b0-a38a-bfc386d904d9","DeviceId":"e009d040232a2b50","Timestamp":"2016-10-20T18:29:54.814962+00:00","ProtocolId":"df463a57-fd92-4d66-b6ca-683dfa1c2cb4","Anonymized":true},
{"$type":"Sensus.Shared.Probes.User.MicrosoftBand.MicrosoftBandHeartRateDatum, Sensus.Android","HeartRate":159.0,"Id":"85e891b3-2213-452c-9886-5bfc4adbbfa3","DeviceId":"e009d040232a2b50","Timestamp":"2016-10-20T18:29:53.785179+00:00","ProtocolId":"df463a57-fd92-4d66-b6ca-683dfa1c2cb4","Anonymized":true},
{"$type":"Sensus.Shared.Probes.User.MicrosoftBand.MicrosoftBandHeartRateDatum, Sensus.Android","HeartRate":159.0,"Id":"98a06b0c-d490-4de9-9ce5-f8e5e85d6687","DeviceId":"e009d040232a2b50","Timestamp":"2016-10-20T18:29:51.843288+00:00","ProtocolId":"df463a57-fd92-4d66-b6ca-683dfa1c2cb4","Anonymized":true},
{"$type":"Sensus.Shared.Probes.User.MicrosoftBand.MicrosoftBandHeartRateDatum, Sensus.Android","HeartRate":159.0,"Id":"c6774d3f-e02a-44ee-939d-306bfe445544","DeviceId":"e009d040232a2b50","Timestamp":"2016-10-20T18:29:20.955492+00:00","ProtocolId":"df463a57-fd92-4d66-b6ca-683dfa1c2cb4","Anonymized":true},
{"$type":"Sensus.Shared.Probes.User.MicrosoftBand.MicrosoftBandHeartRateDatum, Sensus.Android","HeartRate":159.0,"Id":"72b73d39-8217-4c97-bf8b-622708dc6fcc","DeviceId":"e009d040232a2b50","Timestamp":"2016-10-20T18:29:22.912341+00:00","ProtocolId":"df463a57-fd92-4d66-b6ca-683dfa1c2cb4","Anonymized":true},
{"$type":"Sensus.Shared.Probes.User.MicrosoftBand.MicrosoftBandHeartRateDatum, Sensus.Android","HeartRate":159.0,"Id":"9dbaacb0-5758-485b-924d-2594ba883fb7","DeviceId":"e009d040232a2b50","Timestamp":"2016-10-20T18:29:24.910889+00:00","ProtocolId":"df463a57-fd92-4d66-b6ca-683dfa1c2cb4","Anonymized":true},
{"$type":"Sensus.Shared.Probes.User.MicrosoftBand.MicrosoftBandHeartRateDatum, Sensus.Android","HeartRate":159.0,"Id":"f11c8400-a927-4342-9835-5d574abd551b","DeviceId":"e009d040232a2b50","Timestamp":"2016-10-20T18:29:26.015689+00:00","ProtocolId":"df463a57-fd92-4d66-b6ca-683dfa1c2cb4","Anonymized":true},
{"$type":"Sensus.Shared.Probes.User.MicrosoftBand.MicrosoftBandHeartRateDatum, Sensus.Android","HeartRate":159.0,"Id":"43ac01f8-fd16-4702-bbab-f1f641b9ab53","DeviceId":"e009d040232a2b50","Timestamp":"2016-10-20T18:29:27.884557+00:00","ProtocolId":"df463a57-fd92-4d66-b6ca-683dfa1c2cb4","Anonymized":true},
{"$type":"Sensus.Shared.Probes.User.MicrosoftBand.MicrosoftBandHeartRateDatum, Sensus.Android","HeartRate":159.0,"Id":"c105171d-f08e-467f-af7d-3a0fdcf88d5e","DeviceId":"e009d040232a2b50","Timestamp":"2016-10-20T18:29:28.915668+00:00","ProtocolId":"df463a57-fd92-4d66-b6ca-683dfa1c2cb4","Anonymized":true},
{"$type":"Sensus.Shared.Probes.User.MicrosoftBand.MicrosoftBandHeartRateDatum, Sensus.Android","HeartRate":159.0,"Id":"75448a7b-81b1-4e54-b940-cd8992c2aa67","DeviceId":"e009d040232a2b50","Timestamp":"2016-10-20T18:29:30.894366+00:00","ProtocolId":"df463a57-fd92-4d66-b6ca-683dfa1c2cb4","Anonymized":true},
{"$type":"Sensus.Shared.Probes.User.MicrosoftBand.MicrosoftBandHeartRateDatum, Sensus.Android","HeartRate":159.0,"Id":"ccf16609-15fc-4429-851c-e9215a7d5ab2","DeviceId":"e009d040232a2b50","Timestamp":"2016-10-20T18:29:32.901996+00:00","ProtocolId":"df463a57-fd92-4d66-b6ca-683dfa1c2cb4","Anonymized":true},
{"$type":"Sensus.Shared.Probes.User.MicrosoftBand.MicrosoftBandHeartRateDatum, Sensus.Android","HeartRate":159.0,"Id":"ba59299e-0803-4add-85f8-557680469f74","DeviceId":"e009d040232a2b50","Timestamp":"2016-10-20T18:29:34.840804+00:00","ProtocolId":"df463a57-fd92-4d66-b6ca-683dfa1c2cb4","Anonymized":true},
{"$type":"Sensus.Shared.Probes.User.MicrosoftBand.MicrosoftBandHeartRateDatum, Sensus.Android","HeartRate":159.0,"Id":"7a186cb6-1b4b-4ca7-be66-87a5c45d2af1","DeviceId":"e009d040232a2b50","Timestamp":"2016-10-20T18:29:35.89772+00:00","ProtocolId":"df463a57-fd92-4d66-b6ca-683dfa1c2cb4","Anonymized":true},
{"$type":"Sensus.Shared.Probes.User.MicrosoftBand.MicrosoftBandHeartRateDatum, Sensus.Android","HeartRate":159.0,"Id":"99d757f3-c15e-49ed-b2fb-85de3204aa02","DeviceId":"e009d040232a2b50","Timestamp":"2016-10-20T18:29:37.867241+00:00","ProtocolId":"df463a57-fd92-4d66-b6ca-683dfa1c2cb4","Anonymized":true},
{"$type":"Sensus.Shared.Probes.User.MicrosoftBand.MicrosoftBandHeartRateDatum, Sensus.Android","HeartRate":159.0,"Id":"7de6ca6b-350e-44a3-b3d3-7427a0a70730","DeviceId":"e009d040232a2b50","Timestamp":"2016-10-20T18:29:38.88125+00:00","ProtocolId":"df463a57-fd92-4d66-b6ca-683dfa1c2cb4","Anonymized":true},
{"$type":"Sensus.Shared.Probes.User.MicrosoftBand.MicrosoftBandHeartRateDatum, Sensus.Android","HeartRate":159.0,"Id":"f02f007d-d843-4f44-81ff-65285b06073e","DeviceId":"e009d040232a2b50","Timestamp":"2016-10-20T18:29:40.867493+00:00","ProtocolId":"df463a57-fd92-4d66-b6ca-683dfa1c2cb4","Anonymized":true},
{"$type":"Sensus.Shared.Probes.User.MicrosoftBand.MicrosoftBandHeartRateDatum, Sensus.Android","HeartRate":159.0,"Id":"1a62a3a7-b00a-460a-98dd-1ff6fb0d1658","DeviceId":"e009d040232a2b50","Timestamp":"2016-10-20T18:29:42.83395+00:00","ProtocolId":"df463a57-fd92-4d66-b6ca-683dfa1c2cb4","Anonymized":true},
{"$type":"Sensus.Shared.Probes.User.MicrosoftBand.MicrosoftBandHeartRateDatum, Sensus.Android","HeartRate":159.0,"Id":"53bf7526-b6d3-45b8-b29d-7c4123ff8af5","DeviceId":"e009d040232a2b50","Timestamp":"2016-10-20T18:29:43.838496+00:00","ProtocolId":"df463a57-fd92-4d66-b6ca-683dfa1c2cb4","Anonymized":true},
{"$type":"Sensus.Shared.Probes.User.MicrosoftBand.MicrosoftBandHeartRateDatum, Sensus.Android","HeartRate":159.0,"Id":"53c11a22-9613-41c2-b5c5-b4b56e276bce","DeviceId":"e009d040232a2b50","Timestamp":"2016-10-20T18:29:45.849382+00:00","ProtocolId":"df463a57-fd92-4d66-b6ca-683dfa1c2cb4","Anonymized":true},
{"$type":"Sensus.Shared.Probes.User.MicrosoftBand.MicrosoftBandHeartRateDatum, Sensus.Android","HeartRate":159.0,"Id":"2014dc1a-cc4a-4e26-83f7-6773976713c2","DeviceId":"e009d040232a2b50","Timestamp":"2016-10-20T18:29:47.831337+00:00","ProtocolId":"df463a57-fd92-4d66-b6ca-683dfa1c2cb4","Anonymized":true},
{"$type":"Sensus.Shared.Probes.User.MicrosoftBand.MicrosoftBandHeartRateDatum, Sensus.Android","HeartRate":159.0,"Id":"c1d61ab3-88dd-4f5e-9b9c-fc5ee431c541","DeviceId":"e009d040232a2b50","Timestamp":"2016-10-20T18:29:49.808376+00:00","ProtocolId":"df463a57-fd92-4d66-b6ca-683dfa1c2cb4","Anonymized":true},
{"$type":"Sensus.Shared.Probes.User.MicrosoftBand.MicrosoftBandHeartRateDatum, Sensus.Android","HeartRate":159.0,"Id":"0d42a7c6-a88a-4515-806e-1185cc84a23d","DeviceId":"e009d040232a2b50","Timestamp":"2016-10-20T18:29:50.818291+00:00","ProtocolId":"df463a57-fd92-4d66-b6ca-683dfa1c2cb4","Anonymized":true},
{"$type":"Sensus.Shared.Probes.User.MicrosoftBand.MicrosoftBandHeartRateDatum, Sensus.Android","HeartRate":159.0,"Id":"c1f9a8fc-e67a-43d4-881c-dba875b09e43","DeviceId":"e009d040232a2b50","Timestamp":"2016-10-20T18:30:00.804901+00:00","ProtocolId":"df463a57-fd92-4d66-b6ca-683dfa1c2cb4","Anonymized":true},
{"$type":"Sensus.Shared.Probes.User.MicrosoftBand.MicrosoftBandHeartRateDatum, Sensus.Android","HeartRate":159.0,"Id":"e1c72a8f-7368-46dd-8f62-83ad67757a32","DeviceId":"e009d040232a2b50","Timestamp":"2016-10-20T18:30:02.759392+00:00","ProtocolId":"df463a57-fd92-4d66-b6ca-683dfa1c2cb4","Anonymized":true},
{"$type":"Sensus.Shared.Probes.User.MicrosoftBand.MicrosoftBandHeartRateDatum, Sensus.Android","HeartRate":159.0,"Id":"e546e227-4c10-4edc-8eb8-c7567b0fd45c","DeviceId":"e009d040232a2b50","Timestamp":"2016-10-20T18:30:03.789768+00:00","ProtocolId":"df463a57-fd92-4d66-b6ca-683dfa1c2cb4","Anonymized":true},
{"$type":"Sensus.Shared.Probes.User.MicrosoftBand.MicrosoftBandHeartRateDatum, Sensus.Android","HeartRate":159.0,"Id":"0301077f-3e62-4eb4-91b9-1ee734724aab","DeviceId":"e009d040232a2b50","Timestamp":"2016-10-20T18:30:05.77955+00:00","ProtocolId":"df463a57-fd92-4d66-b6ca-683dfa1c2cb4","Anonymized":true},
{"$type":"Sensus.Shared.Probes.User.MicrosoftBand.MicrosoftBandHeartRateDatum, Sensus.Android","HeartRate":159.0,"Id":"40ed433a-b803-455d-8ddb-d247b3d22f99","DeviceId":"e009d040232a2b50","Timestamp":"2016-10-20T18:30:07.753136+00:00","ProtocolId":"df463a57-fd92-4d66-b6ca-683dfa1c2cb4","Anonymized":true},
{"$type":"Sensus.Shared.Probes.User.MicrosoftBand.MicrosoftBandHeartRateDatum, Sensus.Android","HeartRate":159.0,"Id":"2b0a0757-52da-43ce-80f8-e06edf23fb5d","DeviceId":"e009d040232a2b50","Timestamp":"2016-10-20T18:30:09.739218+00:00","ProtocolId":"df463a57-fd92-4d66-b6ca-683dfa1c2cb4","Anonymized":true},
{"$type":"Sensus.Shared.Probes.User.MicrosoftBand.MicrosoftBandHeartRateDatum, Sensus.Android","HeartRate":159.0,"Id":"c576060a-fb7c-4c91-90a9-48baee714212","DeviceId":"e009d040232a2b50","Timestamp":"2016-10-20T18:30:19.700314+00:00","ProtocolId":"df463a57-fd92-4d66-b6ca-683dfa1c2cb4","Anonymized":true},
{"$type":"Sensus.Shared.Probes.User.MicrosoftBand.MicrosoftBandHeartRateDatum, Sensus.Android","HeartRate":159.0,"Id":"7a98903c-be96-4e0b-a2f6-210450dcbc27","DeviceId":"e009d040232a2b50","Timestamp":"2016-10-20T18:30:18.678126+00:00","ProtocolId":"df463a57-fd92-4d66-b6ca-683dfa1c2cb4","Anonymized":true},
{"$type":"Sensus.Shared.Probes.User.MicrosoftBand.MicrosoftBandHeartRateDatum, Sensus.Android","HeartRate":159.0,"Id":"245f5589-6db4-40cf-86ce-40d3b3dbe4d1","DeviceId":"e009d040232a2b50","Timestamp":"2016-10-20T18:30:16.689895+00:00","ProtocolId":"df463a57-fd92-4d66-b6ca-683dfa1c2cb4","Anonymized":true},
{"$type":"Sensus.Shared.Probes.User.MicrosoftBand.MicrosoftBandHeartRateDatum, Sensus.Android","HeartRate":159.0,"Id":"70f92e0e-286a-443b-93ff-e82a7f198934","DeviceId":"e009d040232a2b50","Timestamp":"2016-10-20T18:30:15.68421+00:00","ProtocolId":"df463a57-fd92-4d66-b6ca-683dfa1c2cb4","Anonymized":true},
{"$type":"Sensus.Shared.Probes.User.MicrosoftBand.MicrosoftBandHeartRateDatum, Sensus.Android","HeartRate":159.0,"Id":"d9c45574-1ea8-4c72-b8da-b0d62d9ac2cc","DeviceId":"e009d040232a2b50","Timestamp":"2016-10-20T18:30:13.734033+00:00","ProtocolId":"df463a57-fd92-4d66-b6ca-683dfa1c2cb4","Anonymized":true},
{"$type":"Sensus.Shared.Probes.User.MicrosoftBand.MicrosoftBandHeartRateDatum, Sensus.Android","HeartRate":159.0,"Id":"c4809ce0-5782-49fe-a97f-cb9eec4064e4","DeviceId":"e009d040232a2b50","Timestamp":"2016-10-20T18:30:12.732296+00:00","ProtocolId":"df463a57-fd92-4d66-b6ca-683dfa1c2cb4","Anonymized":true},
{"$type":"Sensus.Shared.Probes.User.MicrosoftBand.MicrosoftBandHeartRateDatum, Sensus.Android","HeartRate":159.0,"Id":"4adec1a2-c890-4ffa-9582-af5ead0ed24c","DeviceId":"e009d040232a2b50","Timestamp":"2016-10-20T18:30:10.784855+00:00","ProtocolId":"df463a57-fd92-4d66-b6ca-683dfa1c2cb4","Anonymized":true},
{"$type":"Sensus.Shared.Probes.User.MicrosoftBand.MicrosoftBandHeartRateDatum, Sensus.Android","HeartRate":159.0,"Id":"c3076ad9-0f34-46ef-900f-462f649d63ff","DeviceId":"e009d040232a2b50","Timestamp":"2016-10-20T18:30:21.695337+00:00","ProtocolId":"df463a57-fd92-4d66-b6ca-683dfa1c2cb4","Anonymized":true},
{"$type":"Sensus.Shared.Probes.User.MicrosoftBand.MicrosoftBandHeartRateDatum, Sensus.Android","HeartRate":159.0,"Id":"3f93ce10-5914-4ee1-97cc-bfeee03586a7","DeviceId":"e009d040232a2b50","Timestamp":"2016-10-20T18:30:23.646764+00:00","ProtocolId":"df463a57-fd92-4d66-b6ca-683dfa1c2cb4","Anonymized":true},
{"$type":"Sensus.Shared.Probes.User.MicrosoftBand.MicrosoftBandHeartRateDatum, Sensus.Android","HeartRate":159.0,"Id":"57791557-9b75-4886-b74b-ae163e6559f3","DeviceId":"e009d040232a2b50","Timestamp":"2016-10-20T18:30:24.675174+00:00","ProtocolId":"df463a57-fd92-4d66-b6ca-683dfa1c2cb4","Anonymized":true},
{"$type":"Sensus.Shared.Probes.User.MicrosoftBand.MicrosoftBandHeartRateDatum, Sensus.Android","HeartRate":159.0,"Id":"573d114d-1d55-4a69-b10d-323651189c97","DeviceId":"e009d040232a2b50","Timestamp":"2016-10-20T18:30:25.795237+00:00","ProtocolId":"df463a57-fd92-4d66-b6ca-683dfa1c2cb4","Anonymized":true},
{"$type":"Sensus.Shared.Probes.User.MicrosoftBand.MicrosoftBandHeartRateDatum, Sensus.Android","HeartRate":159.0,"Id":"8034aa1e-4498-421b-ac1d-0e204fda49fb","DeviceId":"e009d040232a2b50","Timestamp":"2016-10-20T18:30:27.68946+00:00","ProtocolId":"df463a57-fd92-4d66-b6ca-683dfa1c2cb4","Anonymized":true},
{"$type":"Sensus.Shared.Probes.User.MicrosoftBand.MicrosoftBandHeartRateDatum, Sensus.Android","HeartRate":159.0,"Id":"61be9093-7dd7-487a-a4a7-90fc5f6718b9","DeviceId":"e009d040232a2b50","Timestamp":"2016-10-20T18:30:29.670363+00:00","ProtocolId":"df463a57-fd92-4d66-b6ca-683dfa1c2cb4","Anonymized":true},
{"$type":"Sensus.Shared.Probes.User.MicrosoftBand.MicrosoftBandHeartRateDatum, Sensus.Android","HeartRate":159.0,"Id":"c126af81-df42-45f0-9263-316514dfd6ed","DeviceId":"e009d040232a2b50","Timestamp":"2016-10-20T18:30:31.668519+00:00","ProtocolId":"df463a57-fd92-4d66-b6ca-683dfa1c2cb4","Anonymized":true},
{"$type":"Sensus.Shared.Probes.User.MicrosoftBand.MicrosoftBandHeartRateDatum, Sensus.Android","HeartRate":159.0,"Id":"da167774-c37a-47bd-8c80-6713bf52496c","DeviceId":"e009d040232a2b50","Timestamp":"2016-10-20T18:30:33.657647+00:00","ProtocolId":"df463a57-fd92-4d66-b6ca-683dfa1c2cb4","Anonymized":true},
{"$type":"Sensus.Shared.Probes.User.MicrosoftBand.MicrosoftBandHeartRateDatum, Sensus.Android","HeartRate":159.0,"Id":"1d0886f7-a17d-478d-9171-1a7a485480b1","DeviceId":"e009d040232a2b50","Timestamp":"2016-10-20T18:30:35.65043+00:00","ProtocolId":"df463a57-fd92-4d66-b6ca-683dfa1c2cb4","Anonymized":true},
{"$type":"Sensus.Shared.Probes.User.MicrosoftBand.MicrosoftBandHeartRateDatum, Sensus.Android","HeartRate":159.0,"Id":"80ddf4cb-87db-4468-bf59-f34566da3d31","DeviceId":"e009d040232a2b50","Timestamp":"2016-10-20T18:30:36.654996+00:00","ProtocolId":"df463a57-fd92-4d66-b6ca-683dfa1c2cb4","Anonymized":true},
{"$type":"Sensus.Shared.Probes.User.MicrosoftBand.MicrosoftBandHeartRateDatum, Sensus.Android","HeartRate":159.0,"Id":"f3f36bbb-1951-42f3-a1ed-b8e016e6d122","DeviceId":"e009d040232a2b50","Timestamp":"2016-10-20T18:30:38.61658+00:00","ProtocolId":"df463a57-fd92-4d66-b6ca-683dfa1c2cb4","Anonymized":true},
{"$type":"Sensus.Shared.Probes.User.MicrosoftBand.MicrosoftBandHeartRateDatum, Sensus.Android","HeartRate":159.0,"Id":"f63196dc-70fe-49ee-bf76-a4fd1bcf6be2","DeviceId":"e009d040232a2b50","Timestamp":"2016-10-20T18:30:40.627436+00:00","ProtocolId":"df463a57-fd92-4d66-b6ca-683dfa1c2cb4","Anonymized":true},
{"$type":"Sensus.Shared.Probes.User.MicrosoftBand.MicrosoftBandHeartRateDatum, Sensus.Android","HeartRate":159.0,"Id":"bc1bfe7c-2f53-46bd-97bc-877f1f6a6b70","DeviceId":"e009d040232a2b50","Timestamp":"2016-10-20T18:30:42.620714+00:00","ProtocolId":"df463a57-fd92-4d66-b6ca-683dfa1c2cb4","Anonymized":true},
{"$type":"Sensus.Shared.Probes.User.MicrosoftBand.MicrosoftBandHeartRateDatum, Sensus.Android","HeartRate":159.0,"Id":"52970c0d-0024-467d-8ef2-fe0a112cc0a2","DeviceId":"e009d040232a2b50","Timestamp":"2016-10-20T18:30:44.590724+00:00","ProtocolId":"df463a57-fd92-4d66-b6ca-683dfa1c2cb4","Anonymized":true},
{"$type":"Sensus.Shared.Probes.User.MicrosoftBand.MicrosoftBandHeartRateDatum, Sensus.Android","HeartRate":159.0,"Id":"9c92605f-70b2-4117-a47a-f0fc774c0fa3","DeviceId":"e009d040232a2b50","Timestamp":"2016-10-20T18:30:46.612886+00:00","ProtocolId":"df463a57-fd92-4d66-b6ca-683dfa1c2cb4","Anonymized":true},
{"$type":"Sensus.Shared.Probes.User.MicrosoftBand.MicrosoftBandHeartRateDatum, Sensus.Android","HeartRate":159.0,"Id":"2b9a7672-cc59-40a3-9d7e-5fbc97882d6a","DeviceId":"e009d040232a2b50","Timestamp":"2016-10-20T18:30:48.585146+00:00","ProtocolId":"df463a57-fd92-4d66-b6ca-683dfa1c2cb4","Anonymized":true}
]