[
{"$type":"Sensus.Shared.Probes.User.MicrosoftBand.MicrosoftBandHeartRateDatum, Sensus.Android","HeartRate":70.0,"Id":"16dc7364-d5ec-4aeb-96e9-70bf1a715350","DeviceId":"e009d040232a2b50","Timestamp":"2016-10-20T19:03:43.407924+00:00","ProtocolId":"df463a57-fd92-4d66-b6ca-683dfa1c2cb4","Anonymized":true},
{"$type":"Sensus.Shared.Probes.User.MicrosoftBand.MicrosoftBandHeartRateDatum, Sensus.Android","HeartRate":70.0,"Id":"aa0ddd77-d041-4bda-8542-7891566ee3f6","DeviceId":"e009d040232a2b50","Timestamp":"2016-10-20T19:03:45.385712+00:00","ProtocolId":"df463a57-fd92-4d66-b6ca-683dfa1c2cb4","Anonymized":true},
{"$type":"Sensus.Shared.Probes.User.MicrosoftBand.MicrosoftBandHeartRateDatum, Sensus.Android","HeartRate":70.0,"Id":"670fecd5-2953-4e1d-9c17-96f8d0a18f78","DeviceId":"e009d040232a2b50","Timestamp":"2016-10-20T19:03:46.404971+00:00","ProtocolId":"df463a57-fd92-4d66-b6ca-683dfa1c2cb4","Anonymized":true},
{"$type":"Sensus.Shared.Probes.User.MicrosoftBand.MicrosoftBandHeartRateDatum, Sensus.Android","HeartRate":70.0,"Id":"03e6f8f5-ecbf-4031-96f5-ad525d434be6","DeviceId":"e009d040232a2b50","Timestamp":"2016-10-20T19:03:48.385399+00:00","ProtocolId":"df463a57-fd92-4d66-b6ca-683dfa1c2cb4","Anonymized":true},
{"$type":"Sensus.Shared.Probes.User.MicrosoftBand.MicrosoftBandHeartRateDatum, Sensus.Android","HeartRate":70.0,"Id":"def18ec3-041b-4e51-9a1e-a89d0a5a065a","DeviceId":"e009d040232a2b50","Timestamp":"2016-10-20T19:03:50.378731+00:00","ProtocolId":"df463a57-fd92-4d66-b6ca-683dfa1c2cb4","Anonymized":true},
{"$type":"Sensus.Shared.Probes.User.MicrosoftBand.MicrosoftBandHeartRateDatum, Sensus.Android","HeartRate":70.0,"Id":"04a11a4d-3a77-4705-86b7-2dc1b8fb4492","DeviceId":"e009d040232a2b50","Timestamp":"2016-10-20T19:03:52.386578+00:00","ProtocolId":"df463a57-fd92-4d66-b6ca-683dfa1c2cb4","Anonymized":true},
{"$type":"Sensus.Shared.Probes.User.MicrosoftBand.MicrosoftBandHeartRateDatum, Sensus.Android","HeartRate":70.0,"Id":"8af8b684-6223-4f95-8e18-1541d5f5b4c9","DeviceId":"e009d040232a2b50","Timestamp":"2016-10-20T19:03:54.372972+00:00","ProtocolId":"df463a57-fd92-4d66-b6ca-683dfa1c2cb4","Anonymized":true},
{"$type":"Sensus.Shared.Probes.User.MicrosoftBand.MicrosoftBandHeartRateDatum, Sensus.Android","HeartRate":70.0,"Id":"93ce0630-5fb2-4bc9-8bb9-1c1f7d15e92f","DeviceId":"e009d040232a2b50","Timestamp":"2016-10-20T19:03:55.427315+00:00","ProtocolId":"df463a57-fd92-4d66-b6ca-683dfa1c2cb4","Anonymized":true},
{"$type":"Sensus.Shared.Probes.User.MicrosoftBand.MicrosoftBandHeartRateDatum, Sensus.Android","HeartRate":70.0,"Id":"75f06ed7-b6d6-4b66-b034-b02792972d65","DeviceId":"e009d040232a2b50","Timestamp":"2016-10-20T19:03:57.354258+00:00","ProtocolId":"df463a57-fd92-4d66-b6ca-683dfa1c2cb4","Anonymized":true},
{"$type":"Sensus.Shared.Probes.User.MicrosoftBand.MicrosoftBandHeartRateDatum, Sensus.Android","HeartRate":70.0,"Id":"91f468ea-bf42-40d9-8d50-4013e9b00ecb","DeviceId":"e009d040232a2b50","Timestamp":"2016-10-20T19:03:59.350811+00:00","ProtocolId":"df463a57-fd92-4d66-b6ca-683dfa1c2cb4","Anonymized":true},
{"$type":"Sensus.Shared.Probes.User.MicrosoftBand.MicrosoftBandHeartRateDatum, Sensus.Android","HeartRate":70.0,"Id":"c5651948-ffbb-492e-beed-c56ee37bf9a2","DeviceId":"e009d040232a2b50","Timestamp":"2016-10-20T19:04:01.347362+00:00","ProtocolId":"df463a57-fd92-4d66-b6ca-683dfa1c2cb4","Anonymized":true},
{"$type":"Sensus.Shared.Probes.User.MicrosoftBand.MicrosoftBandHeartRateDatum, Sensus.Android","HeartRate":70.0,"Id":"f9b69d32-7e77-4cc6-af10-bb817d56125e","DeviceId":"e009d040232a2b50","Timestamp":"2016-10-20T19:04:03.340762+00:00","ProtocolId":"df463a57-fd92-4d66-b6ca-683dfa1c2cb4","Anonymized":true},
{"$type":"Sensus.Shared.Probes.User.MicrosoftBand.MicrosoftBandHeartRateDatum, Sensus.Android","HeartRate":70.0,"Id":"9b472268-74d2-4e4d-99b3-8fd5e08ee04e","DeviceId":"e009d040232a2b50","Timestamp":"2016-10-20T19:04:05.333592+00:00","ProtocolId":"df463a57-fd92-4d66-b6ca-683dfa1c2cb4","Anonymized":true},
{"$type":"Sensus.Shared.Probes.User.MicrosoftBand.MicrosoftBandHeartRateDatum, Sensus.Android","HeartRate":70.0,"Id":"d812e3fd-7ad3-45c7-b526-eaba6e19d4f8","DeviceId":"e009d040232a2b50","Timestamp":"2016-10-20T19:04:07.323788+00:00","ProtocolId":"df463a57-fd92-4d66-b6ca-683dfa1c2cb4","Anonymized":true},
{"$type":"Sensus.Shared.Probes.User.MicrosoftBand.MicrosoftBandHeartRateDatum, Sensus.Android","HeartRate":70.0,"Id":"046ade83-b35c-40e5-9628-97257d067e8c","DeviceId":"e009d040232a2b50","Timestamp":"2016-10-20T19:04:08.330515+00:00","ProtocolId":"df463a57-fd92-4d66-b6ca-683dfa1c2cb4","Anonymized":true},
{"$type":"Sensus.Shared.Probes.User.MicrosoftBand.MicrosoftBandHeartRateDatum, Sensus.Android","HeartRate":70.0,"Id":"8a213ec9-2b5d-448d-af65-a7cf8aaa7be2","DeviceId":"e009d040232a2b50","Timestamp":"2016-10-20T19:04:10.298106+00:00","ProtocolId":"df463a57-fd92-4d66-b6ca-683dfa1c2cb4","Anonymized":true},
{"$type":"Sensus.Shared.Probes.User.MicrosoftBand.MicrosoftBandHeartRateDatum, Sensus.Android","HeartRate":70.0,"Id":"4b26c355-907c-4817-8439-ce44073de31a","DeviceId":"e009d040232a2b50","Timestamp":"2016-10-20T19:04:12.294649+00:00","ProtocolId":"df463a57-fd92-4d66-b6ca-683dfa1c2cb4","Anonymized":true},
{"$type":"Sensus.Shared.Probes.User.MicrosoftBand.MicrosoftBandHeartRateDatum, Sensus.Android","HeartRate":70.0,"Id":"af5b92d2-1c6a-4f52-84b1-ef531d7d55ca","DeviceId":"e009d040232a2b50","Timestamp":"2016-10-20T19:04:14.30461+00:00","ProtocolId":"df463a57-fd92-4d66-b6ca-683dfa1c2cb4","Anonymized":true},
{"$type":"Sensus.Shared.Probes.User.MicrosoftBand.MicrosoftBandHeartRateDatum, Sensus.Android","HeartRate":70.0,"Id":"a1f87990-dcfe-4a98-aba0-33ecb0c3ea12","DeviceId":"e009d040232a2b50","Timestamp":"2016-10-20T19:04:16.281189+00:00","ProtocolId":"df463a57-fd92-4d66-b6ca-683dfa1c2cb4","Anonymized":true},
{"$type":"Sensus.Shared.Probes.User.MicrosoftBand.MicrosoftBandHeartRateDatum, Sensus.Android","HeartRate":70.0,"Id":"33a4eafb-78ae-4e33-85ae-23fe9dcf5ede","DeviceId":"e009d040232a2b50","Timestamp":"2016-10-20T19:04:18.282019+00:00","ProtocolId":"df463a57-fd92-4d66-b6ca-683dfa1c2cb4","Anonymized":true},
{"$type":"Sensus.Shared.Probes.User.MicrosoftBand.MicrosoftBandHeartRateDatum, Sensus.Android","HeartRate":70.0,"Id":"12f77cc4-4bd5-4111-baed-69b70411197a","DeviceId":"e009d040232a2b50","Timestamp":"2016-10-20T19:04:20.282007+00:00","ProtocolId":"df463a57-fd92-4d66-b6ca-683dfa1c2cb4","Anonymized":true},
{"$type":"Sensus.Shared.Probes.User.MicrosoftBand.MicrosoftBandHeartRateDatum, Sensus.Android","HeartRate":70.0,"Id":"3b8cad8a-7003-481d-89ac-55ceb8b2c91f","DeviceId":"e009d040232a2b50","Timestamp":"2016-10-20T19:04:22.233155+00:00","ProtocolId":"df463a57-fd92-4d66-b6ca-683dfa1c2cb4","Anonymized":true},
{"$type":"Sensus.Shared.Probes.User.MicrosoftBand.MicrosoftBandHeartRateDatum, Sensus.Android","HeartRate":70.0,"Id":"b1922c66-71ee-49c3-a306-6c68535f04a0","DeviceId":"e009d040232a2b50","Timestamp":"2016-10-20T19:04:23.244831+00:00","ProtocolId":"df463a57-fd92-4d66-b6ca-683dfa1c2cb4","Anonymized":true},
{"$type":"Sensus.Shared.Probes.User.MicrosoftBand.MicrosoftBandHeartRateDatum, Sensus.Android","HeartRate":70.0,"Id":"2dbf9263-92ce-498e-ac08-0feff4aa2185","DeviceId":"e009d040232a2b50","Timestamp":"2016-10-20T19:04:24.260959+00:00","ProtocolId":"df463a57-fd92-4d66-b6ca-683dfa1c2cb4","Anonymized":true},
{"$type":"Sensus.Shared.Probes.User.MicrosoftBand.MicrosoftBandHeartRateDatum, Sensus.Android","HeartRate":70.0,"Id":"0a8912f8-42ba-4bb3-b4fb-7ae107d6b9dc","DeviceId":"e009d040232a2b50","Timestamp":"2016-10-20T19:04:26.2371+00:00","ProtocolId":"df463a57-fd92-4d66-b6ca-683dfa1c2cb4","Anonymized":true},
{"$type":"Sensus.Shared.Probes.User.MicrosoftBand.MicrosoftBandHeartRateDatum, Sensus.Android","HeartRate":70.0,"Id":"6c351cfe-aed5-4f62-a462-1d4fe39e345b","DeviceId":"e009d040232a2b50","Timestamp":"2016-10-20T19:04:28.203391+00:00","ProtocolId":"df463a57-fd92-4d66-b6ca-683dfa1c2cb4","Anonymized":true},
{"$type":"Sensus.Shared.Probes.User.MicrosoftBand.MicrosoftBandHeartRateDatum, Sensus.Android","HeartRate":70.0,"Id":"16cd8559-6d0d-4aa5-a6db-dfb2b8dc00ec","DeviceId":"e009d040232a2b50","Timestamp":"2016-10-20T19:04:29.234302+00:00","ProtocolId":"df463a57-fd92-4d66-b6ca-683dfa1c2cb4","Anonymized":true},
{"$type":"Sensus.Shared.Probes.User.MicrosoftBand.MicrosoftBandHeartRateDatum, Sensus.Android","HeartRate":70.0,"Id":"6b641a5f-26e5-4353-bf32-c3d44d0ccb13","DeviceId":"e009d040232a2b50","Timestamp":"2016-10-20T19:04:31.220682+00:00","ProtocolId":"df463a57-fd92-4d66-b6ca-683dfa1c2cb4","Anonymized":true},
{"$type":"Sensus.Shared.Probes.User.MicrosoftBand.MicrosoftBandHeartRateDatum, Sensus.Android","HeartRate":70.0,"Id":"7f95ccb8-0193-40d4-843c-1da6b80f5fa1","DeviceId":"e009d040232a2b50","Timestamp":"2016-10-20T19:04:33.216633+00:00","ProtocolId":"df463a57-fd92-4d66-b6ca-683dfa1c2cb4","Anonymized":true},
{"$type":"Sensus.Shared.Probes.User.MicrosoftBand.MicrosoftBandHeartRateDatum, Sensus.Android","HeartRate":70.0,"Id":"48c145d3-e89a-4963-b8d9-2f22b98cd2a7","DeviceId":"e009d040232a2b50","Timestamp":"2016-10-20T19:04:35.212345+00:00","ProtocolId":"df463a57-fd92-4d66-b6ca-683dfa1c2cb4","Anonymized":true}
]