[
{"$type":"Sensus.Shared.Probes.User.MicrosoftBand.MicrosoftBandAccelerometerDatum, Sensus.Android","X":-0.995849609375,"Y":0.016357421875,"Z":-0.039794921875,"Id":"b2531b66-e446-4f57-92e9-dc0c117d88e4","DeviceId":"e009d040232a2b50","Timestamp":"2016-10-20T18:29:11.356413+00:00","ProtocolId":"df463a57-fd92-4d66-b6ca-683dfa1c2cb4","Anonymized":true},
{"$type":"Sensus.Shared.Probes.User.MicrosoftBand.MicrosoftBandAccelerometerDatum, Sensus.Android","X":-0.99462890625,"Y":0.01513671875,"Z":-0.03955078125,"Id":"5d7a1eff-e79f-45ea-a2c1-925ca42f1349","DeviceId":"e009d040232a2b50","Timestamp":"2016-10-20T18:29:12.388336+00:00","ProtocolId":"df463a57-fd92-4d66-b6ca-683dfa1c2cb4","Anonymized":true},
{"$type":"Sensus.Shared.Probes.User.MicrosoftBand.MicrosoftBandAccelerometerDatum, Sensus.Android","X":-0.9931640625,"Y":0.015380859375,"Z":-0.038330078125,"Id":"d965bc39-efed-4fab-b35a-bfc4025b8a2c","DeviceId":"e009d040232a2b50","Timestamp":"2016-10-20T18:29:13.419304+00:00","ProtocolId":"df463a57-fd92-4d66-b6ca-683dfa1c2cb4","Anonymized":true},
{"$type":"Sensus.Shared.Probes.User.MicrosoftBand.MicrosoftBandAccelerometerDatum, Sensus.Android","X":-0.993896484375,"Y":0.014892578125,"Z":-0.037109375,"Id":"e633d718-4b93-48de-a54c-bd82887e4ea6","DeviceId":"e009d040232a2b50","Timestamp":"2016-10-20T18:29:14.533252+00:00","ProtocolId":"df463a57-fd92-4d66-b6ca-683dfa1c2cb4","Anonymized":true},
{"$type":"Sensus.Shared.Probes.User.MicrosoftBand.MicrosoftBandAccelerometerDatum, Sensus.Android","X":-0.994384765625,"Y":0.014404296875,"Z":-0.03759765625,"Id":"facccd43-52a5-432c-8278-1ab07c554a06","DeviceId":"e009d040232a2b50","Timestamp":"2016-10-20T18:29:15.53979+00:00","ProtocolId":"df463a57-fd92-4d66-b6ca-683dfa1c2cb4","Anonymized":true},
{"$type":"Sensus.Shared.Probes.User.MicrosoftBand.MicrosoftBandAccelerometerDatum, Sensus.Android","X":-0.99560546875,"Y":0.01708984375,"Z":-0.0390625,"Id":"b4ecbafd-dabc-40b1-b7bf-7964e17d2249","DeviceId":"e009d040232a2b50","Timestamp":"2016-10-20T18:29:16.549441+00:00","ProtocolId":"df463a57-fd92-4d66-b6ca-683dfa1c2cb4","Anonymized":true},
{"$type":"Sensus.Shared.Probes.User.MicrosoftBand.MicrosoftBandAccelerometerDatum, Sensus.Android","X":-0.994384765625,"Y":0.014892578125,"Z":-0.039794921875,"Id":"ee70c097-6854-4514-83d8-845f1329b1e7","DeviceId":"e009d040232a2b50","Timestamp":"2016-10-20T18:29:17.553286+00:00","ProtocolId":"df463a57-fd92-4d66-b6ca-683dfa1c2cb4","Anonymized":true},
{"$type":"Sensus.Shared.Probes.User.MicrosoftBand.MicrosoftBandAccelerometerDatum, Sensus.Android","X":-0.9951171875,"Y":0.01416015625,"Z":-0.0361328125,"Id":"574760ac-d902-4624-a05f-37da14e3a666","DeviceId":"e009d040232a2b50","Timestamp":"2016-10-20T18:29:18.561366+00:00","ProtocolId":"df463a57-fd92-4d66-b6ca-683dfa1c2cb4","Anonymized":true},
{"$type":"Sensus.Shared.Probes.User.MicrosoftBand.MicrosoftBandAccelerometerDatum, Sensus.Android","X":-0.99658203125,"Y":0.0166015625,"Z":-0.040771484375,"Id":"80a02a11-d04b-443d-abe7-ba7b65f90d58","DeviceId":"e009d040232a2b50","Timestamp":"2016-10-20T18:29:19.596481+00:00","ProtocolId":"df463a57-fd92-4d66-b6ca-683dfa1c2cb4","Anonymized":true},
{"$type":"Sensus.Shared.Probes.User.MicrosoftBand.MicrosoftBandAccelerometerDatum, Sensus.Android","X":-0.99560546875,"Y":0.01611328125,"Z":-0.039306640625,"Id":"5191bfed-124d-4435-8b9b-07aee8734575","DeviceId":"e009d040232a2b50","Timestamp":"2016-10-20T18:29:59.171131+00:00","ProtocolId":"df463a57-fd92-4d66-b6ca-683dfa1c2cb4","Anonymized":true},
{"$type":"Sensus.Shared.Probes.User.MicrosoftBand.MicrosoftBandAccelerometerDatum, Sensus.Android","X":-0.994140625,"Y":0.01318359375,"Z":-0.03759765625,"Id":"8cd7d79b-c3e5-4cfa-a2d1-b2ddf9c0474d","DeviceId":"e009d040232a2b50","Timestamp":"2016-10-20T18:29:58.145051+00:00","ProtocolId":"df463a57-fd92-4d66-b6ca-683dfa1c2cb4","Anonymized":true},
{"$type":"Sensus.Shared.Probes.User.MicrosoftBand.MicrosoftBandAccelerometerDatum, Sensus.Android","X":-0.995361328125,"Y":0.014404296875,"Z":-0.03662109375,"Id":"d6cec33c-2d2d-4261-b0db-a2ec66e73853","DeviceId":"e009d040232a2b50","Timestamp":"2016-10-20T18:29:57.143536+00:00","ProtocolId":"df463a57-fd92-4d66-b6ca-683dfa1c2cb4","Anonymized":true},
{"$type":"Sensus.Shared.Probes.User.MicrosoftBand.MicrosoftBandAccelerometerDatum, Sensus.Android","X":-0.994140625,"Y":0.015869140625,"Z":-0.03955078125,"Id":"b02fb0a3-20f1-40db-9492-5fe12e42f487","DeviceId":"e009d040232a2b50","Timestamp":"2016-10-20T18:29:56.142502+00:00","ProtocolId":"df463a57-fd92-4d66-b6ca-683dfa1c2cb4","Anonymized":true},
{"$type":"Sensus.Shared.Probes.User.MicrosoftBand.MicrosoftBandAccelerometerDatum, Sensus.Android","X":-0.994384765625,"Y":0.014404296875,"Z":-0.0419921875,"Id":"df8c45a3-bad3-463e-a7f4-9e01c050bc98","DeviceId":"e009d040232a2b50","Timestamp":"2016-10-20T18:29:55.140957+00:00","ProtocolId":"df463a57-fd92-4d66-b6ca-683dfa1c2cb4","Anonymized":true},
{"$type":"Sensus.Shared.Probes.User.MicrosoftBand.MicrosoftBandAccelerometerDatum, Sensus.Android","X":-0.9931640625,"Y":0.015380859375,"Z":-0.039794921875,"Id":"be781d7b-56f0-422f-ad0b-813a3c226063","DeviceId":"e009d040232a2b50","Timestamp":"2016-10-20T18:29:54.114405+00:00","ProtocolId":"df463a57-fd92-4d66-b6ca-683dfa1c2cb4","Anonymized":true},
{"$type":"Sensus.Shared.Probes.User.MicrosoftBand.MicrosoftBandAccelerometerDatum, Sensus.Android","X":-0.993408203125,"Y":0.01611328125,"Z":-0.0361328125,"Id":"ee21c530-2544-4b13-9618-2e8ac123fa75","DeviceId":"e009d040232a2b50","Timestamp":"2016-10-20T18:29:53.096918+00:00","ProtocolId":"df463a57-fd92-4d66-b6ca-683dfa1c2cb4","Anonymized":true},
{"$type":"Sensus.Shared.Probes.User.MicrosoftBand.MicrosoftBandAccelerometerDatum, Sensus.Android","X":-0.994873046875,"Y":0.01611328125,"Z":-0.03564453125,"Id":"1ede1bef-31fe-47cb-8851-4e6e43c0c5af","DeviceId":"e009d040232a2b50","Timestamp":"2016-10-20T18:29:52.092998+00:00","ProtocolId":"df463a57-fd92-4d66-b6ca-683dfa1c2cb4","Anonymized":true},
{"$type":"Sensus.Shared.Probes.User.MicrosoftBand.MicrosoftBandAccelerometerDatum, Sensus.Android","X":-0.9951171875,"Y":0.015625,"Z":-0.040283203125,"Id":"0bd79fa5-6ff9-4fc6-b4cf-64a8a33ab2eb","DeviceId":"e009d040232a2b50","Timestamp":"2016-10-20T18:29:51.085666+00:00","ProtocolId":"df463a57-fd92-4d66-b6ca-683dfa1c2cb4","Anonymized":true},
{"$type":"Sensus.Shared.Probes.User.MicrosoftBand.MicrosoftBandAccelerometerDatum, Sensus.Android","X":-0.995361328125,"Y":0.014892578125,"Z":-0.038330078125,"Id":"a85aed36-6165-4e11-940f-607264906c4c","DeviceId":"e009d040232a2b50","Timestamp":"2016-10-20T18:29:20.598464+00:00","ProtocolId":"df463a57-fd92-4d66-b6ca-683dfa1c2cb4","Anonymized":true},
{"$type":"Sensus.Shared.Probes.User.MicrosoftBand.MicrosoftBandAccelerometerDatum, Sensus.Android","X":-0.994140625,"Y":0.01318359375,"Z":-0.041259765625,"Id":"894ca0b2-184c-41fb-b8b6-7add10a9c1c4","DeviceId":"e009d040232a2b50","Timestamp":"2016-10-20T18:29:21.600927+00:00","ProtocolId":"df463a57-fd92-4d66-b6ca-683dfa1c2cb4","Anonymized":true},
{"$type":"Sensus.Shared.Probes.User.MicrosoftBand.MicrosoftBandAccelerometerDatum, Sensus.Android","X":-0.993408203125,"Y":0.015869140625,"Z":-0.037353515625,"Id":"b1e7f36e-8500-45db-af67-1eebbb9542d6","DeviceId":"e009d040232a2b50","Timestamp":"2016-10-20T18:29:22.63274+00:00","ProtocolId":"df463a57-fd92-4d66-b6ca-683dfa1c2cb4","Anonymized":true},
{"$type":"Sensus.Shared.Probes.User.MicrosoftBand.MicrosoftBandAccelerometerDatum, Sensus.Android","X":-0.994140625,"Y":0.015380859375,"Z":-0.041748046875,"Id":"3eafec98-f6e2-471a-85bb-0c62ff7de97f","DeviceId":"e009d040232a2b50","Timestamp":"2016-10-20T18:29:23.684434+00:00","ProtocolId":"df463a57-fd92-4d66-b6ca-683dfa1c2cb4","Anonymized":true},
{"$type":"Sensus.Shared.Probes.User.MicrosoftBand.MicrosoftBandAccelerometerDatum, Sensus.Android","X":-0.99609375,"Y":0.015625,"Z":-0.04052734375,"Id":"71a9db93-3c83-4867-8140-d175590c92d4","DeviceId":"e009d040232a2b50","Timestamp":"2016-10-20T18:29:24.722038+00:00","ProtocolId":"df463a57-fd92-4d66-b6ca-683dfa1c2cb4","Anonymized":true},
{"$type":"Sensus.Shared.Probes.User.MicrosoftBand.MicrosoftBandAccelerometerDatum, Sensus.Android","X":-0.994873046875,"Y":0.0146484375,"Z":-0.038330078125,"Id":"a8c0d301-493b-4054-b727-37aec9a40aad","DeviceId":"e009d040232a2b50","Timestamp":"2016-10-20T18:29:25.732002+00:00","ProtocolId":"df463a57-fd92-4d66-b6ca-683dfa1c2cb4","Anonymized":true},
{"$type":"Sensus.Shared.Probes.User.MicrosoftBand.MicrosoftBandAccelerometerDatum, Sensus.Android","X":-0.99462890625,"Y":0.01611328125,"Z":-0.038818359375,"Id":"c6a347b4-7122-4efa-8763-136011fb52f5","DeviceId":"e009d040232a2b50","Timestamp":"2016-10-20T18:29:26.737706+00:00","ProtocolId":"df463a57-fd92-4d66-b6ca-683dfa1c2cb4","Anonymized":true},
{"$type":"Sensus.Shared.Probes.User.MicrosoftBand.MicrosoftBandAccelerometerDatum, Sensus.Android","X":-0.993896484375,"Y":0.0166015625,"Z":-0.040283203125,"Id":"b7d87f78-b19a-4ea5-90e1-c8794ba3a119","DeviceId":"e009d040232a2b50","Timestamp":"2016-10-20T18:29:27.756849+00:00","ProtocolId":"df463a57-fd92-4d66-b6ca-683dfa1c2cb4","Anonymized":true},
{"$type":"Sensus.Shared.Probes.User.MicrosoftBand.MicrosoftBandAccelerometerDatum, Sensus.Android","X":-0.992919921875,"Y":0.015380859375,"Z":-0.037841796875,"Id":"2cccba8b-2ee1-4641-a515-72b5ad4ab1b5","DeviceId":"e009d040232a2b50","Timestamp":"2016-10-20T18:29:28.766865+00:00","ProtocolId":"df463a57-fd92-4d66-b6ca-683dfa1c2cb4","Anonymized":true},
{"$type":"Sensus.Shared.Probes.User.MicrosoftBand.MicrosoftBandAccelerometerDatum, Sensus.Android","X":-0.994140625,"Y":0.014892578125,"Z":-0.03857421875,"Id":"0062eea9-53fc-46dc-9807-651e3f625b29","DeviceId":"e009d040232a2b50","Timestamp":"2016-10-20T18:29:29.786348+00:00","ProtocolId":"df463a57-fd92-4d66-b6ca-683dfa1c2cb4","Anonymized":true},
{"$type":"Sensus.Shared.Probes.User.MicrosoftBand.MicrosoftBandAccelerometerDatum, Sensus.Android","X":-0.993896484375,"Y":0.016357421875,"Z":-0.03564453125,"Id":"2dccff29-0bbe-467f-a68b-8141a9f50094","DeviceId":"e009d040232a2b50","Timestamp":"2016-10-20T18:29:30.808831+00:00","ProtocolId":"df463a57-fd92-4d66-b6ca-683dfa1c2cb4","Anonymized":true},
{"$type":"Sensus.Shared.Probes.User.MicrosoftBand.MicrosoftBandAccelerometerDatum, Sensus.Android","X":-0.995361328125,"Y":0.01513671875,"Z":-0.039794921875,"Id":"fc169615-e65f-42ae-a762-6fc9e31935ca","DeviceId":"e009d040232a2b50","Timestamp":"2016-10-20T18:29:31.851997+00:00","ProtocolId":"df463a57-fd92-4d66-b6ca-683dfa1c2cb4","Anonymized":true},
{"$type":"Sensus.Shared.Probes.User.MicrosoftBand.MicrosoftBandAccelerometerDatum, Sensus.Android","X":-0.99560546875,"Y":0.013427734375,"Z":-0.0380859375,"Id":"ef8adf12-f708-46f4-8138-65769237cf18","DeviceId":"e009d040232a2b50","Timestamp":"2016-10-20T18:29:32.887846+00:00","ProtocolId":"df463a57-fd92-4d66-b6ca-683dfa1c2cb4","Anonymized":true},
{"$type":"Sensus.Shared.Probes.User.MicrosoftBand.MicrosoftBandAccelerometerDatum, Sensus.Android","X":-0.99267578125,"Y":0.016357421875,"Z":-0.03857421875,"Id":"ce613ac2-e991-4011-9b10-168d48b44e65","DeviceId":"e009d040232a2b50","Timestamp":"2016-10-20T18:29:33.896561+00:00","ProtocolId":"df463a57-fd92-4d66-b6ca-683dfa1c2cb4","Anonymized":true},
{"$type":"Sensus.Shared.Probes.User.MicrosoftBand.MicrosoftBandAccelerometerDatum, Sensus.Android","X":-0.993408203125,"Y":0.015380859375,"Z":-0.03515625,"Id":"3e5d4828-2ead-4908-b7b7-6e9d63a77b6f","DeviceId":"e009d040232a2b50","Timestamp":"2016-10-20T18:29:34.901772+00:00","ProtocolId":"df463a57-fd92-4d66-b6ca-683dfa1c2cb4","Anonymized":true},
{"$type":"Sensus.Shared.Probes.User.MicrosoftBand.MicrosoftBandAccelerometerDatum, Sensus.Android","X":-0.994873046875,"Y":0.015380859375,"Z":-0.0390625,"Id":"aeff4749-684a-47cb-84b6-0b478ef8a6e5","DeviceId":"e009d040232a2b50","Timestamp":"2016-10-20T18:29:35.902007+00:00","ProtocolId":"df463a57-fd92-4d66-b6ca-683dfa1c2cb4","Anonymized":true},
{"$type":"Sensus.Shared.Probes.User.MicrosoftBand.MicrosoftBandAccelerometerDatum, Sensus.Android","X":-0.99462890625,"Y":0.015380859375,"Z":-0.037353515625,"Id":"0664e790-c77e-4467-8582-94e15155f39f","DeviceId":"e009d040232a2b50","Timestamp":"2016-10-20T18:29:36.903629+00:00","ProtocolId":"df463a57-fd92-4d66-b6ca-683dfa1c2cb4","Anonymized":true},
{"$type":"Sensus.Shared.Probes.User.MicrosoftBand.MicrosoftBandAccelerometerDatum, Sensus.Android","X":-0.992919921875,"Y":0.01708984375,"Z":-0.041015625,"Id":"996fe3e7-22e6-41f4-a952-5d5af1f46cd6","DeviceId":"e009d040232a2b50","Timestamp":"2016-10-20T18:29:37.917673+00:00","ProtocolId":"df463a57-fd92-4d66-b6ca-683dfa1c2cb4","Anonymized":true},
{"$type":"Sensus.Shared.Probes.User.MicrosoftBand.MicrosoftBandAccelerometerDatum, Sensus.Android","X":-0.993896484375,"Y":0.015869140625,"Z":-0.038818359375,"Id":"2b5dbc28-0c2b-4806-8047-9e703b171d4a","DeviceId":"e009d040232a2b50","Timestamp":"2016-10-20T18:29:38.922391+00:00","ProtocolId":"df463a57-fd92-4d66-b6ca-683dfa1c2cb4","Anonymized":true},
{"$type":"Sensus.Shared.Probes.User.MicrosoftBand.MicrosoftBandAccelerometerDatum, Sensus.Android","X":-0.992431640625,"Y":0.014892578125,"Z":-0.038330078125,"Id":"9b76bd9a-083f-4aee-9cce-8d802dc64390","DeviceId":"e009d040232a2b50","Timestamp":"2016-10-20T18:29:39.924985+00:00","ProtocolId":"df463a57-fd92-4d66-b6ca-683dfa1c2cb4","Anonymized":true},
{"$type":"Sensus.Shared.Probes.User.MicrosoftBand.MicrosoftBandAccelerometerDatum, Sensus.Android","X":-0.992431640625,"Y":0.01513671875,"Z":-0.040771484375,"Id":"bdd1f6ab-0a9d-49b2-baa9-0f8277b70f66","DeviceId":"e009d040232a2b50","Timestamp":"2016-10-20T18:29:40.953059+00:00","ProtocolId":"df463a57-fd92-4d66-b6ca-683dfa1c2cb4","Anonymized":true},
{"$type":"Sensus.Shared.Probes.User.MicrosoftBand.MicrosoftBandAccelerometerDatum, Sensus.Android","X":-0.994873046875,"Y":0.01416015625,"Z":-0.038330078125,"Id":"082bd5b4-7957-4bbf-85b3-bcb916fc659a","DeviceId":"e009d040232a2b50","Timestamp":"2016-10-20T18:29:41.956944+00:00","ProtocolId":"df463a57-fd92-4d66-b6ca-683dfa1c2cb4","Anonymized":true},
{"$type":"Sensus.Shared.Probes.User.MicrosoftBand.MicrosoftBandAccelerometerDatum, Sensus.Android","X":-0.992919921875,"Y":0.015869140625,"Z":-0.0390625,"Id":"bba7385b-ff4c-40b1-aa38-c7c622146148","DeviceId":"e009d040232a2b50","Timestamp":"2016-10-20T18:29:42.962392+00:00","ProtocolId":"df463a57-fd92-4d66-b6ca-683dfa1c2cb4","Anonymized":true},
{"$type":"Sensus.Shared.Probes.User.MicrosoftBand.MicrosoftBandAccelerometerDatum, Sensus.Android","X":-0.9951171875,"Y":0.01416015625,"Z":-0.038818359375,"Id":"159cc9d4-d5ce-4736-a716-0ebeb541abd7","DeviceId":"e009d040232a2b50","Timestamp":"2016-10-20T18:29:43.971386+00:00","ProtocolId":"df463a57-fd92-4d66-b6ca-683dfa1c2cb4","Anonymized":true},
{"$type":"Sensus.Shared.Probes.User.MicrosoftBand.MicrosoftBandAccelerometerDatum, Sensus.Android","X":-0.994384765625,"Y":0.014892578125,"Z":-0.041259765625,"Id":"4c3b75d3-5dd7-409e-8b74-9f9ec3ae62d0","DeviceId":"e009d040232a2b50","Timestamp":"2016-10-20T18:29:44.973704+00:00","ProtocolId":"df463a57-fd92-4d66-b6ca-683dfa1c2cb4","Anonymized":true},
{"$type":"Sensus.Shared.Probes.User.MicrosoftBand.MicrosoftBandAccelerometerDatum, Sensus.Android","X":-0.992919921875,"Y":0.014892578125,"Z":-0.037109375,"Id":"36ae21f8-5181-48f3-a9bd-e01a001a06f3","DeviceId":"e009d040232a2b50","Timestamp":"2016-10-20T18:29:46.020354+00:00","ProtocolId":"df463a57-fd92-4d66-b6ca-683dfa1c2cb4","Anonymized":true},
{"$type":"Sensus.Shared.Probes.User.MicrosoftBand.MicrosoftBandAccelerometerDatum, Sensus.Android","X":-0.99462890625,"Y":0.013427734375,"Z":-0.040283203125,"Id":"d64b0827-3144-4860-a108-096be36ee5cf","DeviceId":"e009d040232a2b50","Timestamp":"2016-10-20T18:29:47.055007+00:00","ProtocolId":"df463a57-fd92-4d66-b6ca-683dfa1c2cb4","Anonymized":true},
{"$type":"Sensus.Shared.Probes.User.MicrosoftBand.MicrosoftBandAccelerometerDatum, Sensus.Android","X":-0.9951171875,"Y":0.014892578125,"Z":-0.037841796875,"Id":"10aa12dd-8f7c-40d8-bce4-cfaf8b1225a4","DeviceId":"e009d040232a2b50","Timestamp":"2016-10-20T18:29:48.056332+00:00","ProtocolId":"df463a57-fd92-4d66-b6ca-683dfa1c2cb4","Anonymized":true},
{"$type":"Sensus.Shared.Probes.User.MicrosoftBand.MicrosoftBandAccelerometerDatum, Sensus.Android","X":-0.994140625,"Y":0.0166015625,"Z":-0.039306640625,"Id":"73ca743d-dfde-4cc1-8b98-272ef90d09ef","DeviceId":"e009d040232a2b50","Timestamp":"2016-10-20T18:29:49.069684+00:00","ProtocolId":"df463a57-fd92-4d66-b6ca-683dfa1c2cb4","Anonymized":true},
{"$type":"Sensus.Shared.Probes.User.MicrosoftBand.MicrosoftBandAccelerometerDatum, Sensus.Android","X":-0.9951171875,"Y":0.01416015625,"Z":-0.041015625,"Id":"463f5ad2-9dab-4e17-b720-7e90db666e1e","DeviceId":"e009d040232a2b50","Timestamp":"2016-10-20T18:29:50.069683+00:00","ProtocolId":"df463a57-fd92-4d66-b6ca-683dfa1c2cb4","Anonymized":true},
{"$type":"Sensus.Shared.Probes.User.MicrosoftBand.MicrosoftBandAccelerometerDatum, Sensus.Android","X":-0.993896484375,"Y":0.014892578125,"Z":-0.0400390625,"Id":"2838800c-9bc0-4993-9db3-06391c1f003a","DeviceId":"e009d040232a2b50","Timestamp":"2016-10-20T18:30:00.195162+00:00","ProtocolId":"df463a57-fd92-4d66-b6ca-683dfa1c2cb4","Anonymized":true},
{"$type":"Sensus.Shared.Probes.User.MicrosoftBand.MicrosoftBandAccelerometerDatum, Sensus.Android","X":-0.9951171875,"Y":0.016357421875,"Z":-0.041015625,"Id":"071e8925-6fab-4ec2-a11c-5b18eda91bac","DeviceId":"e009d040232a2b50","Timestamp":"2016-10-20T18:30:01.19685+00:00","ProtocolId":"df463a57-fd92-4d66-b6ca-683dfa1c2cb4","Anonymized":true},
{"$type":"Sensus.Shared.Probes.User.MicrosoftBand.MicrosoftBandAccelerometerDatum, Sensus.Android","X":-0.994140625,"Y":0.015625,"Z":-0.038330078125,"Id":"da36ca4c-d6ef-42b3-90db-9eb5c8f91486","DeviceId":"e009d040232a2b50","Timestamp":"2016-10-20T18:30:02.203089+00:00","ProtocolId":"df463a57-fd92-4d66-b6ca-683dfa1c2cb4","Anonymized":true},
{"$type":"Sensus.Shared.Probes.User.MicrosoftBand.MicrosoftBandAccelerometerDatum, Sensus.Android","X":-0.99560546875,"Y":0.016357421875,"Z":-0.035400390625,"Id":"558c6cf0-4381-4b80-af18-0238d4c987e1","DeviceId":"e009d040232a2b50","Timestamp":"2016-10-20T18:30:03.209267+00:00","ProtocolId":"df463a57-fd92-4d66-b6ca-683dfa1c2cb4","Anonymized":true},
{"$type":"Sensus.Shared.Probes.User.MicrosoftBand.MicrosoftBandAccelerometerDatum, Sensus.Android","X":-0.993408203125,"Y":0.01416015625,"Z":-0.036865234375,"Id":"2ade3a5b-66bb-42ae-b31e-344dda48bab6","DeviceId":"e009d040232a2b50","Timestamp":"2016-10-20T18:30:04.237158+00:00","ProtocolId":"df463a57-fd92-4d66-b6ca-683dfa1c2cb4","Anonymized":true},
{"$type":"Sensus.Shared.Probes.User.MicrosoftBand.MicrosoftBandAccelerometerDatum, Sensus.Android","X":-0.99365234375,"Y":0.013916015625,"Z":-0.037841796875,"Id":"dfc59abb-fc4b-4e6e-b575-808e4db4d465","DeviceId":"e009d040232a2b50","Timestamp":"2016-10-20T18:30:05.237482+00:00","ProtocolId":"df463a57-fd92-4d66-b6ca-683dfa1c2cb4","Anonymized":true},
{"$type":"Sensus.Shared.Probes.User.MicrosoftBand.MicrosoftBandAccelerometerDatum, Sensus.Android","X":-0.9951171875,"Y":0.015380859375,"Z":-0.040771484375,"Id":"43fccb49-8190-46b4-8332-0e731a638929","DeviceId":"e009d040232a2b50","Timestamp":"2016-10-20T18:30:06.281138+00:00","ProtocolId":"df463a57-fd92-4d66-b6ca-683dfa1c2cb4","Anonymized":true},
{"$type":"Sensus.Shared.Probes.User.MicrosoftBand.MicrosoftBandAccelerometerDatum, Sensus.Android","X":-0.9931640625,"Y":0.01611328125,"Z":-0.0380859375,"Id":"6948ffd9-a082-4fc6-9079-010fbde3551f","DeviceId":"e009d040232a2b50","Timestamp":"2016-10-20T18:30:07.284277+00:00","ProtocolId":"df463a57-fd92-4d66-b6ca-683dfa1c2cb4","Anonymized":true},
{"$type":"Sensus.Shared.Probes.User.MicrosoftBand.MicrosoftBandAccelerometerDatum, Sensus.Android","X":-0.99365234375,"Y":0.015380859375,"Z":-0.03955078125,"Id":"e4107ca8-8d6f-45be-a2e0-4d04ff015141","DeviceId":"e009d040232a2b50","Timestamp":"2016-10-20T18:30:08.288155+00:00","ProtocolId":"df463a57-fd92-4d66-b6ca-683dfa1c2cb4","Anonymized":true},
{"$type":"Sensus.Shared.Probes.User.MicrosoftBand.MicrosoftBandAccelerometerDatum, Sensus.Android","X":-0.995849609375,"Y":0.01611328125,"Z":-0.040283203125,"Id":"cd208759-3897-45ff-89ff-4853ff9f0394","DeviceId":"e009d040232a2b50","Timestamp":"2016-10-20T18:30:09.29161+00:00","ProtocolId":"df463a57-fd92-4d66-b6ca-683dfa1c2cb4","Anonymized":true},
{"$type":"Sensus.Shared.Probes.User.MicrosoftBand.MicrosoftBandAccelerometerDatum, Sensus.Android","X":-0.9931640625,"Y":0.01318359375,"Z":-0.037841796875,"Id":"779eda48-bb1c-4ce5-80ca-1cc7b21f163d","DeviceId":"e009d040232a2b50","Timestamp":"2016-10-20T18:30:10.329899+00:00","ProtocolId":"df463a57-fd92-4d66-b6ca-683dfa1c2cb4","Anonymized":true},
{"$type":"Sensus.Shared.Probes.User.MicrosoftBand.MicrosoftBandAccelerometerDatum, Sensus.Android","X":-0.994140625,"Y":0.01416015625,"Z":-0.041015625,"Id":"0ffd5291-92c3-4a4e-ad99-eaead99bec8e","DeviceId":"e009d040232a2b50","Timestamp":"2016-10-20T18:30:20.49566+00:00","ProtocolId":"df463a57-fd92-4d66-b6ca-683dfa1c2cb4","Anonymized":true},
{"$type":"Sensus.Shared.Probes.User.MicrosoftBand.MicrosoftBandAccelerometerDatum, Sensus.Android","X":-0.99560546875,"Y":0.016357421875,"Z":-0.038818359375,"Id":"2991a9f3-d4d6-4c57-92d0-cf8d3c9d81f7","DeviceId":"e009d040232a2b50","Timestamp":"2016-10-20T18:30:19.492958+00:00","ProtocolId":"df463a57-fd92-4d66-b6ca-683dfa1c2cb4","Anonymized":true},
{"$type":"Sensus.Shared.Probes.User.MicrosoftBand.MicrosoftBandAccelerometerDatum, Sensus.Android","X":-0.99365234375,"Y":0.01416015625,"Z":-0.037841796875,"Id":"00cc5c20-b911-4615-b292-1168ca882060","DeviceId":"e009d040232a2b50","Timestamp":"2016-10-20T18:30:18.490247+00:00","ProtocolId":"df463a57-fd92-4d66-b6ca-683dfa1c2cb4","Anonymized":true},
{"$type":"Sensus.Shared.Probes.User.MicrosoftBand.MicrosoftBandAccelerometerDatum, Sensus.Android","X":-0.992919921875,"Y":0.015869140625,"Z":-0.03857421875,"Id":"c585e8e7-b7b5-4bb8-892c-8a6e4816baf5","DeviceId":"e009d040232a2b50","Timestamp":"2016-10-20T18:30:17.478809+00:00","ProtocolId":"df463a57-fd92-4d66-b6ca-683dfa1c2cb4","Anonymized":true},
{"$type":"Sensus.Shared.Probes.User.MicrosoftBand.MicrosoftBandAccelerometerDatum, Sensus.Android","X":-0.9951171875,"Y":0.016357421875,"Z":-0.03662109375,"Id":"b91c8768-847a-4185-8d89-ab149122e302","DeviceId":"e009d040232a2b50","Timestamp":"2016-10-20T18:30:16.47198+00:00","ProtocolId":"df463a57-fd92-4d66-b6ca-683dfa1c2cb4","Anonymized":true},
{"$type":"Sensus.Shared.Probes.User.MicrosoftBand.MicrosoftBandAccelerometerDatum, Sensus.Android","X":-0.994384765625,"Y":0.01708984375,"Z":-0.03857421875,"Id":"2f534951-fbec-484a-91be-f5ef4b748316","DeviceId":"e009d040232a2b50","Timestamp":"2016-10-20T18:30:15.465509+00:00","ProtocolId":"df463a57-fd92-4d66-b6ca-683dfa1c2cb4","Anonymized":true},
{"$type":"Sensus.Shared.Probes.User.MicrosoftBand.MicrosoftBandAccelerometerDatum, Sensus.Android","X":-0.99560546875,"Y":0.01416015625,"Z":-0.03955078125,"Id":"10a6e944-1ef0-47b5-a3b7-64179cadb598","DeviceId":"e009d040232a2b50","Timestamp":"2016-10-20T18:30:14.462896+00:00","ProtocolId":"df463a57-fd92-4d66-b6ca-683dfa1c2cb4","Anonymized":true},
{"$type":"Sensus.Shared.Probes.User.MicrosoftBand.MicrosoftBandAccelerometerDatum, Sensus.Android","X":-0.994384765625,"Y":0.01513671875,"Z":-0.037353515625,"Id":"f8368c5b-97e6-4b5f-988e-b5c05af9cb6d","DeviceId":"e009d040232a2b50","Timestamp":"2016-10-20T18:30:13.449321+00:00","ProtocolId":"df463a57-fd92-4d66-b6ca-683dfa1c2cb4","Anonymized":true},
{"$type":"Sensus.Shared.Probes.User.MicrosoftBand.MicrosoftBandAccelerometerDatum, Sensus.Android","X":-0.993896484375,"Y":0.016357421875,"Z":-0.03857421875,"Id":"0b73148c-2e46-4ed2-9e2f-c6901eaa2f69","DeviceId":"e009d040232a2b50","Timestamp":"2016-10-20T18:30:12.405993+00:00","ProtocolId":"df463a57-fd92-4d66-b6ca-683dfa1c2cb4","Anonymized":true},
{"$type":"Sensus.Shared.Probes.User.MicrosoftBand.MicrosoftBandAccelerometerDatum, Sensus.Android","X":-0.993408203125,"Y":0.015380859375,"Z":-0.041015625,"Id":"ad33fc01-5101-4eea-9f89-345697049d03","DeviceId":"e009d040232a2b50","Timestamp":"2016-10-20T18:30:11.380781+00:00","ProtocolId":"df463a57-fd92-4d66-b6ca-683dfa1c2cb4","Anonymized":true},
{"$type":"Sensus.Shared.Probes.User.MicrosoftBand.MicrosoftBandAccelerometerDatum, Sensus.Android","X":-0.994140625,"Y":0.015869140625,"Z":-0.039794921875,"Id":"bc869293-aca1-4199-9b92-724d4bcd472a","DeviceId":"e009d040232a2b50","Timestamp":"2016-10-20T18:30:21.519143+00:00","ProtocolId":"df463a57-fd92-4d66-b6ca-683dfa1c2cb4","Anonymized":true},
{"$type":"Sensus.Shared.Probes.User.MicrosoftBand.MicrosoftBandAccelerometerDatum, Sensus.Android","X":-0.9951171875,"Y":0.01513671875,"Z":-0.04052734375,"Id":"ae4095ae-3336-436c-adac-3f05dfdbf213","DeviceId":"e009d040232a2b50","Timestamp":"2016-10-20T18:30:22.56507+00:00","ProtocolId":"df463a57-fd92-4d66-b6ca-683dfa1c2cb4","Anonymized":true},
{"$type":"Sensus.Shared.Probes.User.MicrosoftBand.MicrosoftBandAccelerometerDatum, Sensus.Android","X":-0.996337890625,"Y":0.015380859375,"Z":-0.037109375,"Id":"1bbd2745-b089-453a-8bf6-eb7d60f61a32","DeviceId":"e009d040232a2b50","Timestamp":"2016-10-20T18:30:23.567309+00:00","ProtocolId":"df463a57-fd92-4d66-b6ca-683dfa1c2cb4","Anonymized":true},
{"$type":"Sensus.Shared.Probes.User.MicrosoftBand.MicrosoftBandAccelerometerDatum, Sensus.Android","X":-0.99365234375,"Y":0.01416015625,"Z":-0.041015625,"Id":"f9c48653-aa16-4ac0-83de-83d7b46f191d","DeviceId":"e009d040232a2b50","Timestamp":"2016-10-20T18:30:24.570434+00:00","ProtocolId":"df463a57-fd92-4d66-b6ca-683dfa1c2cb4","Anonymized":true},
{"$type":"Sensus.Shared.Probes.User.MicrosoftBand.MicrosoftBandAccelerometerDatum, Sensus.Android","X":-0.994384765625,"Y":0.015869140625,"Z":-0.038818359375,"Id":"eadbb07d-2f4e-46ef-9191-82625e17be47","DeviceId":"e009d040232a2b50","Timestamp":"2016-10-20T18:30:25.602288+00:00","ProtocolId":"df463a57-fd92-4d66-b6ca-683dfa1c2cb4","Anonymized":true},
{"$type":"Sensus.Shared.Probes.User.MicrosoftBand.MicrosoftBandAccelerometerDatum, Sensus.Android","X":-0.994140625,"Y":0.013427734375,"Z":-0.040283203125,"Id":"84f23430-7f40-4b3c-920b-d4eecc3d073a","DeviceId":"e009d040232a2b50","Timestamp":"2016-10-20T18:30:26.636017+00:00","ProtocolId":"df463a57-fd92-4d66-b6ca-683dfa1c2cb4","Anonymized":true},
{"$type":"Sensus.Shared.Probes.User.MicrosoftBand.MicrosoftBandAccelerometerDatum, Sensus.Android","X":-0.995361328125,"Y":0.013916015625,"Z":-0.0400390625,"Id":"a1add6ad-0f51-4a85-be28-a9b6711c4a9a","DeviceId":"e009d040232a2b50","Timestamp":"2016-10-20T18:30:27.675018+00:00","ProtocolId":"df463a57-fd92-4d66-b6ca-683dfa1c2cb4","Anonymized":true},
{"$type":"Sensus.Shared.Probes.User.MicrosoftBand.MicrosoftBandAccelerometerDatum, Sensus.Android","X":-0.99365234375,"Y":0.014892578125,"Z":-0.03955078125,"Id":"57a28619-d5b7-436b-985d-5afaa116e9ab","DeviceId":"e009d040232a2b50","Timestamp":"2016-10-20T18:30:28.675767+00:00","ProtocolId":"df463a57-fd92-4d66-b6ca-683dfa1c2cb4","Anonymized":true},
{"$type":"Sensus.Shared.Probes.User.MicrosoftBand.MicrosoftBandAccelerometerDatum, Sensus.Android","X":-0.994873046875,"Y":0.0146484375,"Z":-0.03662109375,"Id":"998ad397-432a-4427-9866-5ed8e5b0b551","DeviceId":"e009d040232a2b50","Timestamp":"2016-10-20T18:30:29.684619+00:00","ProtocolId":"df463a57-fd92-4d66-b6ca-683dfa1c2cb4","Anonymized":true},
{"$type":"Sensus.Shared.Probes.User.MicrosoftBand.MicrosoftBandAccelerometerDatum, Sensus.Android","X":-0.9951171875,"Y":0.015380859375,"Z":-0.041259765625,"Id":"17ead52a-d5fd-47ba-85bc-d1cbe082ac97","DeviceId":"e009d040232a2b50","Timestamp":"2016-10-20T18:30:30.700944+00:00","ProtocolId":"df463a57-fd92-4d66-b6ca-683dfa1c2cb4","Anonymized":true},
{"$type":"Sensus.Shared.Probes.User.MicrosoftBand.MicrosoftBandAccelerometerDatum, Sensus.Android","X":-0.993408203125,"Y":0.013427734375,"Z":-0.04150390625,"Id":"b5536ec3-b6f1-47bd-8e3d-d9c23f150982","DeviceId":"e009d040232a2b50","Timestamp":"2016-10-20T18:30:31.708943+00:00","ProtocolId":"df463a57-fd92-4d66-b6ca-683dfa1c2cb4","Anonymized":true},
{"$type":"Sensus.Shared.Probes.User.MicrosoftBand.MicrosoftBandAccelerometerDatum, Sensus.Android","X":-0.994384765625,"Y":0.013916015625,"Z":-0.039794921875,"Id":"cc33e3f0-53be-4d25-8e95-9648452713a2","DeviceId":"e009d040232a2b50","Timestamp":"2016-10-20T18:30:32.715494+00:00","ProtocolId":"df463a57-fd92-4d66-b6ca-683dfa1c2cb4","Anonymized":true},
{"$type":"Sensus.Shared.Probes.User.MicrosoftBand.MicrosoftBandAccelerometerDatum, Sensus.Android","X":-0.994873046875,"Y":0.014404296875,"Z":-0.039306640625,"Id":"4a37ddd1-0fa4-467b-b6a3-6acd9b304135","DeviceId":"e009d040232a2b50","Timestamp":"2016-10-20T18:30:33.740265+00:00","ProtocolId":"df463a57-fd92-4d66-b6ca-683dfa1c2cb4","Anonymized":true},
{"$type":"Sensus.Shared.Probes.User.MicrosoftBand.MicrosoftBandAccelerometerDatum, Sensus.Android","X":-0.994384765625,"Y":0.01806640625,"Z":-0.03857421875,"Id":"553dfd44-1b40-4c25-bc3f-324b644dbe20","DeviceId":"e009d040232a2b50","Timestamp":"2016-10-20T18:30:34.781787+00:00","ProtocolId":"df463a57-fd92-4d66-b6ca-683dfa1c2cb4","Anonymized":true},
{"$type":"Sensus.Shared.Probes.User.MicrosoftBand.MicrosoftBandAccelerometerDatum, Sensus.Android","X":-0.993896484375,"Y":0.01513671875,"Z":-0.044189453125,"Id":"dc3f20a9-3309-4d53-a6bd-231bf4379393","DeviceId":"e009d040232a2b50","Timestamp":"2016-10-20T18:30:35.821848+00:00","ProtocolId":"df463a57-fd92-4d66-b6ca-683dfa1c2cb4","Anonymized":true},
{"$type":"Sensus.Shared.Probes.User.MicrosoftBand.MicrosoftBandAccelerometerDatum, Sensus.Android","X":-0.995361328125,"Y":0.015869140625,"Z":-0.035888671875,"Id":"17b60f06-5c08-47ad-a0f4-6e81e7bcc6c2","DeviceId":"e009d040232a2b50","Timestamp":"2016-10-20T18:30:36.862884+00:00","ProtocolId":"df463a57-fd92-4d66-b6ca-683dfa1c2cb4","Anonymized":true},
{"$type":"Sensus.Shared.Probes.User.MicrosoftBand.MicrosoftBandAccelerometerDatum, Sensus.Android","X":-0.99658203125,"Y":0.015869140625,"Z":-0.036376953125,"Id":"67c91aa9-ab86-4bea-bcc1-d9c904f5df0d","DeviceId":"e009d040232a2b50","Timestamp":"2016-10-20T18:30:37.870584+00:00","ProtocolId":"df463a57-fd92-4d66-b6ca-683dfa1c2cb4","Anonymized":true},
{"$type":"Sensus.Shared.Probes.User.MicrosoftBand.MicrosoftBandAccelerometerDatum, Sensus.Android","X":-0.992431640625,"Y":0.01513671875,"Z":-0.041259765625,"Id":"71808cfe-9da2-424f-ab09-82dcb471370d","DeviceId":"e009d040232a2b50","Timestamp":"2016-10-20T18:30:38.870617+00:00","ProtocolId":"df463a57-fd92-4d66-b6ca-683dfa1c2cb4","Anonymized":true},
{"$type":"Sensus.Shared.Probes.User.MicrosoftBand.MicrosoftBandAccelerometerDatum, Sensus.Android","X":-0.99365234375,"Y":0.013916015625,"Z":-0.036865234375,"Id":"7ccef1ee-6095-4d8f-93f0-f3bfea15cbb5","DeviceId":"e009d040232a2b50","Timestamp":"2016-10-20T18:30:39.910869+00:00","ProtocolId":"df463a57-fd92-4d66-b6ca-683dfa1c2cb4","Anonymized":true},
{"$type":"Sensus.Shared.Probes.User.MicrosoftBand.MicrosoftBandAccelerometerDatum, Sensus.Android","X":-0.99462890625,"Y":0.01513671875,"Z":-0.037109375,"Id":"9abc0a54-17a5-4dbf-a099-1a3bb810d879","DeviceId":"e009d040232a2b50","Timestamp":"2016-10-20T18:30:40.918996+00:00","ProtocolId":"df463a57-fd92-4d66-b6ca-683dfa1c2cb4","Anonymized":true},
{"$type":"Sensus.Shared.Probes.User.MicrosoftBand.MicrosoftBandAccelerometerDatum, Sensus.Android","X":-0.996337890625,"Y":0.01513671875,"Z":-0.039306640625,"Id":"29a84773-e756-4886-b1b5-91a12821cf88","DeviceId":"e009d040232a2b50","Timestamp":"2016-10-20T18:30:41.925391+00:00","ProtocolId":"df463a57-fd92-4d66-b6ca-683dfa1c2cb4","Anonymized":true},
{"$type":"Sensus.Shared.Probes.User.MicrosoftBand.MicrosoftBandAccelerometerDatum, Sensus.Android","X":-0.994140625,"Y":0.01513671875,"Z":-0.03857421875,"Id":"98659037-0584-4216-89cc-ba851d6041a9","DeviceId":"e009d040232a2b50","Timestamp":"2016-10-20T18:30:42.960517+00:00","ProtocolId":"df463a57-fd92-4d66-b6ca-683dfa1c2cb4","Anonymized":true},
{"$type":"Sensus.Shared.Probes.User.MicrosoftBand.MicrosoftBandAccelerometerDatum, Sensus.Android","X":-0.994873046875,"Y":0.01318359375,"Z":-0.03759765625,"Id":"e095c772-4628-447b-aaf4-3c6951309656","DeviceId":"e009d040232a2b50","Timestamp":"2016-10-20T18:30:44.023527+00:00","ProtocolId":"df463a57-fd92-4d66-b6ca-683dfa1c2cb4","Anonymized":true},
{"$type":"Sensus.Shared.Probes.User.MicrosoftBand.MicrosoftBandAccelerometerDatum, Sensus.Android","X":-0.994140625,"Y":0.014404296875,"Z":-0.039794921875,"Id":"9304b6ae-6f09-4d6b-a3ea-cdc5c67c46ac","DeviceId":"e009d040232a2b50","Timestamp":"2016-10-20T18:30:45.027583+00:00","ProtocolId":"df463a57-fd92-4d66-b6ca-683dfa1c2cb4","Anonymized":true},
{"$type":"Sensus.Shared.Probes.User.MicrosoftBand.MicrosoftBandAccelerometerDatum, Sensus.Android","X":-0.99462890625,"Y":0.013671875,"Z":-0.04052734375,"Id":"4161d867-e6e0-4d93-8670-3f0aa923a415","DeviceId":"e009d040232a2b50","Timestamp":"2016-10-20T18:30:46.052844+00:00","ProtocolId":"df463a57-fd92-4d66-b6ca-683dfa1c2cb4","Anonymized":true},
{"$type":"Sensus.Shared.Probes.User.MicrosoftBand.MicrosoftBandAccelerometerDatum, Sensus.Android","X":-0.9931640625,"Y":0.0166015625,"Z":-0.039794921875,"Id":"0108c92f-d036-42e1-972e-c210a0894567","DeviceId":"e009d040232a2b50","Timestamp":"2016-10-20T18:30:47.096882+00:00","ProtocolId":"df463a57-fd92-4d66-b6ca-683dfa1c2cb4","Anonymized":true},
{"$type":"Sensus.Shared.Probes.User.MicrosoftBand.MicrosoftBandAccelerometerDatum, Sensus.Android","X":-0.99365234375,"Y":0.013427734375,"Z":-0.039794921875,"Id":"e318d4c6-aef7-40df-80e4-5fd0fa6a6031","DeviceId":"e009d040232a2b50","Timestamp":"2016-10-20T18:30:48.150824+00:00","ProtocolId":"df463a57-fd92-4d66-b6ca-683dfa1c2cb4","Anonymized":true},
{"$type":"Sensus.Shared.Probes.User.MicrosoftBand.MicrosoftBandAccelerometerDatum, Sensus.Android","X":-0.993896484375,"Y":0.013427734375,"Z":-0.040283203125,"Id":"a3726744-2468-4cd1-bfb9-5b6729111d65","DeviceId":"e009d040232a2b50","Timestamp":"2016-10-20T18:30:49.15408+00:00","ProtocolId":"df463a57-fd92-4d66-b6ca-683dfa1c2cb4","Anonymized":true},
{"$type":"Sensus.Shared.Probes.User.MicrosoftBand.MicrosoftBandAccelerometerDatum, Sensus.Android","X":-0.994384765625,"Y":0.01318359375,"Z":-0.037109375,"Id":"c193feb4-53b8-403e-9269-f380332e55b9","DeviceId":"e009d040232a2b50","Timestamp":"2016-10-20T18:30:50.159434+00:00","ProtocolId":"df463a57-fd92-4d66-b6ca-683dfa1c2cb4","Anonymized":true}
]