[
{"$type":"Sensus.Shared.Probes.User.MicrosoftBand.MicrosoftBandAccelerometerDatum, Sensus.Android","X":-0.993896484375,"Y":0.01318359375,"Z":-0.0390625,"Id":"7aedbde1-3f03-4d43-880b-1e3f8e70a2d6","DeviceId":"e009d040232a2b50","Timestamp":"2016-10-20T18:30:51.186542+00:00","ProtocolId":"df463a57-fd92-4d66-b6ca-683dfa1c2cb4","Anonymized":true},
{"$type":"Sensus.Shared.Probes.User.MicrosoftBand.MicrosoftBandAccelerometerDatum, Sensus.Android","X":-0.99462890625,"Y":0.015869140625,"Z":-0.03857421875,"Id":"3cf9f9c8-6b75-4f23-94d1-70f613ec7ff7","DeviceId":"e009d040232a2b50","Timestamp":"2016-10-20T18:33:27.306956+00:00","ProtocolId":"df463a57-fd92-4d66-b6ca-683dfa1c2cb4","Anonymized":true},
{"$type":"Sensus.Shared.Probes.User.MicrosoftBand.MicrosoftBandAccelerometerDatum, Sensus.Android","X":-0.99609375,"Y":0.01513671875,"Z":-0.03759765625,"Id":"d6c66651-375f-49b6-b36e-6e511c4a9b50","DeviceId":"e009d040232a2b50","Timestamp":"2016-10-20T18:33:28.331263+00:00","ProtocolId":"df463a57-fd92-4d66-b6ca-683dfa1c2cb4","Anonymized":true},
{"$type":"Sensus.Shared.Probes.User.MicrosoftBand.MicrosoftBandAccelerometerDatum, Sensus.Android","X":-0.993896484375,"Y":0.01806640625,"Z":-0.038330078125,"Id":"7caaa473-065b-4c51-aa29-863c5d2504e8","DeviceId":"e009d040232a2b50","Timestamp":"2016-10-20T18:33:29.374894+00:00","ProtocolId":"df463a57-fd92-4d66-b6ca-683dfa1c2cb4","Anonymized":true},
{"$type":"Sensus.Shared.Probes.User.MicrosoftBand.MicrosoftBandAccelerometerDatum, Sensus.Android","X":-0.993408203125,"Y":0.01611328125,"Z":-0.038818359375,"Id":"1771c3f4-1178-4aaf-905b-71c0a952d360","DeviceId":"e009d040232a2b50","Timestamp":"2016-10-20T18:33:30.427999+00:00","ProtocolId":"df463a57-fd92-4d66-b6ca-683dfa1c2cb4","Anonymized":true}
]