[
{"$type":"Sensus.Shared.Probes.User.MicrosoftBand.MicrosoftBandAccelerometerDatum, Sensus.Android","X":-0.995849609375,"Y":0.016357421875,"Z":-0.03466796875,"Id":"8c282bf4-a988-4cd5-acde-34e653f471c5","DeviceId":"e009d040232a2b50","Timestamp":"2016-10-20T18:33:31.453823+00:00","ProtocolId":"df463a57-fd92-4d66-b6ca-683dfa1c2cb4","Anonymized":true},
{"$type":"Sensus.Shared.Probes.User.MicrosoftBand.MicrosoftBandAccelerometerDatum, Sensus.Android","X":-0.994873046875,"Y":0.013916015625,"Z":-0.037841796875,"Id":"22a2936c-222d-4c9a-9b2e-0d0d4a58c6db","DeviceId":"e009d040232a2b50","Timestamp":"2016-10-20T18:33:32.456749+00:00","ProtocolId":"df463a57-fd92-4d66-b6ca-683dfa1c2cb4","Anonymized":true},
{"$type":"Sensus.Shared.Probes.User.MicrosoftBand.MicrosoftBandAccelerometerDatum, Sensus.Android","X":-0.994140625,"Y":0.01416015625,"Z":-0.040771484375,"Id":"ffd7cc5d-391e-4102-b369-2a2cd008d3ab","DeviceId":"e009d040232a2b50","Timestamp":"2016-10-20T19:03:42.6315+00:00","ProtocolId":"df463a57-fd92-4d66-b6ca-683dfa1c2cb4","Anonymized":true},
{"$type":"Sensus.Shared.Probes.User.MicrosoftBand.MicrosoftBandAccelerometerDatum, Sensus.Android","X":-0.994140625,"Y":0.0146484375,"Z":-0.038330078125,"Id":"7b09bfd6-8eb6-4e9a-92f4-3d7583fa65c0","DeviceId":"e009d040232a2b50","Timestamp":"2016-10-20T19:03:43.651811+00:00","ProtocolId":"df463a57-fd92-4d66-b6ca-683dfa1c2cb4","Anonymized":true},
{"$type":"Sensus.Shared.Probes.User.MicrosoftBand.MicrosoftBandAccelerometerDatum, Sensus.Android","X":-0.9951171875,"Y":0.0146484375,"Z":-0.03857421875,"Id":"3fcf3e73-f72a-49a7-b7ad-ed654ed59770","DeviceId":"e009d040232a2b50","Timestamp":"2016-10-20T19:03:44.679793+00:00","ProtocolId":"df463a57-fd92-4d66-b6ca-683dfa1c2cb4","Anonymized":true},
{"$type":"Sensus.Shared.Probes.User.MicrosoftBand.MicrosoftBandAccelerometerDatum, Sensus.Android","X":-0.99609375,"Y":0.01806640625,"Z":-0.03857421875,"Id":"7b173ddc-15e2-4a91-b3cf-5acaa6be7726","DeviceId":"e009d040232a2b50","Timestamp":"2016-10-20T19:03:45.707925+00:00","ProtocolId":"df463a57-fd92-4d66-b6ca-683dfa1c2cb4","Anonymized":true},
{"$type":"Sensus.Shared.Probes.User.MicrosoftBand.MicrosoftBandAccelerometerDatum, Sensus.Android","X":-0.9921875,"Y":0.017578125,"Z":-0.040771484375,"Id":"8e20ceab-5ef0-40ad-bc6e-8e98a819edfd","DeviceId":"e009d040232a2b50","Timestamp":"2016-10-20T19:03:46.725418+00:00","ProtocolId":"df463a57-fd92-4d66-b6ca-683dfa1c2cb4","Anonymized":true},
{"$type":"Sensus.Shared.Probes.User.MicrosoftBand.MicrosoftBandAccelerometerDatum, Sensus.Android","X":-0.995361328125,"Y":0.016357421875,"Z":-0.037841796875,"Id":"9962313d-34f7-44e3-a0db-db6d117440e9","DeviceId":"e009d040232a2b50","Timestamp":"2016-10-20T19:03:47.859802+00:00","ProtocolId":"df463a57-fd92-4d66-b6ca-683dfa1c2cb4","Anonymized":true},
{"$type":"Sensus.Shared.Probes.User.MicrosoftBand.MicrosoftBandAccelerometerDatum, Sensus.Android","X":-0.99365234375,"Y":0.01513671875,"Z":-0.039794921875,"Id":"f2bb0812-d8da-494a-9c13-9d8ee58b715b","DeviceId":"e009d040232a2b50","Timestamp":"2016-10-20T19:03:48.900046+00:00","ProtocolId":"df463a57-fd92-4d66-b6ca-683dfa1c2cb4","Anonymized":true},
{"$type":"Sensus.Shared.Probes.User.MicrosoftBand.MicrosoftBandAccelerometerDatum, Sensus.Android","X":-0.9951171875,"Y":0.014892578125,"Z":-0.03857421875,"Id":"ae1d7231-9d30-4b76-9631-7b7bf97478e7","DeviceId":"e009d040232a2b50","Timestamp":"2016-10-20T19:03:49.95197+00:00","ProtocolId":"df463a57-fd92-4d66-b6ca-683dfa1c2cb4","Anonymized":true},
{"$type":"Sensus.Shared.Probes.User.MicrosoftBand.MicrosoftBandAccelerometerDatum, Sensus.Android","X":-0.994384765625,"Y":0.01611328125,"Z":-0.036376953125,"Id":"286ebec5-cf2e-4450-a49a-36815008a013","DeviceId":"e009d040232a2b50","Timestamp":"2016-10-20T19:03:50.982143+00:00","ProtocolId":"df463a57-fd92-4d66-b6ca-683dfa1c2cb4","Anonymized":true},
{"$type":"Sensus.Shared.Probes.User.MicrosoftBand.MicrosoftBandAccelerometerDatum, Sensus.Android","X":-0.995361328125,"Y":0.014404296875,"Z":-0.039794921875,"Id":"dbb6c237-b5f0-41a6-addc-9c2fc566c006","DeviceId":"e009d040232a2b50","Timestamp":"2016-10-20T19:03:52.023898+00:00","ProtocolId":"df463a57-fd92-4d66-b6ca-683dfa1c2cb4","Anonymized":true},
{"$type":"Sensus.Shared.Probes.User.MicrosoftBand.MicrosoftBandAccelerometerDatum, Sensus.Android","X":-0.994873046875,"Y":0.018798828125,"Z":-0.038330078125,"Id":"c84c1d70-8a50-451b-aa19-1ebb23fbf0c2","DeviceId":"e009d040232a2b50","Timestamp":"2016-10-20T19:03:53.030173+00:00","ProtocolId":"df463a57-fd92-4d66-b6ca-683dfa1c2cb4","Anonymized":true},
{"$type":"Sensus.Shared.Probes.User.MicrosoftBand.MicrosoftBandAccelerometerDatum, Sensus.Android","X":-0.99658203125,"Y":0.0166015625,"Z":-0.040771484375,"Id":"0dbd2ac9-b71a-43e0-af8f-388163deec66","DeviceId":"e009d040232a2b50","Timestamp":"2016-10-20T19:03:54.038026+00:00","ProtocolId":"df463a57-fd92-4d66-b6ca-683dfa1c2cb4","Anonymized":true},
{"$type":"Sensus.Shared.Probes.User.MicrosoftBand.MicrosoftBandAccelerometerDatum, Sensus.Android","X":-0.993896484375,"Y":0.017333984375,"Z":-0.0361328125,"Id":"e1b69110-54ec-4c43-8768-498447c9d011","DeviceId":"e009d040232a2b50","Timestamp":"2016-10-20T19:03:55.076739+00:00","ProtocolId":"df463a57-fd92-4d66-b6ca-683dfa1c2cb4","Anonymized":true},
{"$type":"Sensus.Shared.Probes.User.MicrosoftBand.MicrosoftBandAccelerometerDatum, Sensus.Android","X":-0.993896484375,"Y":0.0166015625,"Z":-0.04150390625,"Id":"ba191d5a-f8d7-448e-b2d8-fdacafd1c19b","DeviceId":"e009d040232a2b50","Timestamp":"2016-10-20T19:03:56.113109+00:00","ProtocolId":"df463a57-fd92-4d66-b6ca-683dfa1c2cb4","Anonymized":true},
{"$type":"Sensus.Shared.Probes.User.MicrosoftBand.MicrosoftBandAccelerometerDatum, Sensus.Android","X":-0.9931640625,"Y":0.019775390625,"Z":-0.038818359375,"Id":"ad82bfb9-37e3-4167-bfe0-7748c63241df","DeviceId":"e009d040232a2b50","Timestamp":"2016-10-20T19:03:57.152513+00:00","ProtocolId":"df463a57-fd92-4d66-b6ca-683dfa1c2cb4","Anonymized":true},
{"$type":"Sensus.Shared.Probes.User.MicrosoftBand.MicrosoftBandAccelerometerDatum, Sensus.Android","X":-0.9931640625,"Y":0.01611328125,"Z":-0.037109375,"Id":"91abb317-1a8a-486e-80f3-b0039b91c71b","DeviceId":"e009d040232a2b50","Timestamp":"2016-10-20T19:03:58.153108+00:00","ProtocolId":"df463a57-fd92-4d66-b6ca-683dfa1c2cb4","Anonymized":true},
{"$type":"Sensus.Shared.Probes.User.MicrosoftBand.MicrosoftBandAccelerometerDatum, Sensus.Android","X":-0.9931640625,"Y":0.016845703125,"Z":-0.038330078125,"Id":"253e266a-54d1-4dce-80a4-97164bd2b394","DeviceId":"e009d040232a2b50","Timestamp":"2016-10-20T19:03:59.155579+00:00","ProtocolId":"df463a57-fd92-4d66-b6ca-683dfa1c2cb4","Anonymized":true},
{"$type":"Sensus.Shared.Probes.User.MicrosoftBand.MicrosoftBandAccelerometerDatum, Sensus.Android","X":-0.99267578125,"Y":0.016357421875,"Z":-0.0380859375,"Id":"58d167a4-dda6-414b-aa20-f798c2279d90","DeviceId":"e009d040232a2b50","Timestamp":"2016-10-20T19:04:00.204307+00:00","ProtocolId":"df463a57-fd92-4d66-b6ca-683dfa1c2cb4","Anonymized":true},
{"$type":"Sensus.Shared.Probes.User.MicrosoftBand.MicrosoftBandAccelerometerDatum, Sensus.Android","X":-0.99462890625,"Y":0.01708984375,"Z":-0.037353515625,"Id":"a502c5f3-438e-4ada-bd20-9c65ee3b1a5a","DeviceId":"e009d040232a2b50","Timestamp":"2016-10-20T19:04:01.207429+00:00","ProtocolId":"df463a57-fd92-4d66-b6ca-683dfa1c2cb4","Anonymized":true},
{"$type":"Sensus.Shared.Probes.User.MicrosoftBand.MicrosoftBandAccelerometerDatum, Sensus.Android","X":-0.99365234375,"Y":0.016357421875,"Z":-0.035888671875,"Id":"ad3459d5-a6bb-466c-b1b3-61b51203cdff","DeviceId":"e009d040232a2b50","Timestamp":"2016-10-20T19:04:02.215716+00:00","ProtocolId":"df463a57-fd92-4d66-b6ca-683dfa1c2cb4","Anonymized":true},
{"$type":"Sensus.Shared.Probes.User.MicrosoftBand.MicrosoftBandAccelerometerDatum, Sensus.Android","X":-0.994873046875,"Y":0.016357421875,"Z":-0.037109375,"Id":"a4c0b41e-00d5-4b71-ae1b-f4f45bd2f49a","DeviceId":"e009d040232a2b50","Timestamp":"2016-10-20T19:04:03.233916+00:00","ProtocolId":"df463a57-fd92-4d66-b6ca-683dfa1c2cb4","Anonymized":true},
{"$type":"Sensus.Shared.Probes.User.MicrosoftBand.MicrosoftBandAccelerometerDatum, Sensus.Android","X":-0.994384765625,"Y":0.015380859375,"Z":-0.040771484375,"Id":"2d733ffb-f22c-4316-b90e-a407638f6d6f","DeviceId":"e009d040232a2b50","Timestamp":"2016-10-20T19:04:04.276328+00:00","ProtocolId":"df463a57-fd92-4d66-b6ca-683dfa1c2cb4","Anonymized":true},
{"$type":"Sensus.Shared.Probes.User.MicrosoftBand.MicrosoftBandAccelerometerDatum, Sensus.Android","X":-0.9951171875,"Y":0.015625,"Z":-0.0390625,"Id":"9a622dbf-141e-455d-be79-9af28ac710fc","DeviceId":"e009d040232a2b50","Timestamp":"2016-10-20T19:04:05.322756+00:00","ProtocolId":"df463a57-fd92-4d66-b6ca-683dfa1c2cb4","Anonymized":true},
{"$type":"Sensus.Shared.Probes.User.MicrosoftBand.MicrosoftBandAccelerometerDatum, Sensus.Android","X":-0.992919921875,"Y":0.01806640625,"Z":-0.039306640625,"Id":"cda27d78-c5d6-49f2-a138-c0b4391e3f37","DeviceId":"e009d040232a2b50","Timestamp":"2016-10-20T19:04:06.328798+00:00","ProtocolId":"df463a57-fd92-4d66-b6ca-683dfa1c2cb4","Anonymized":true},
{"$type":"Sensus.Shared.Probes.User.MicrosoftBand.MicrosoftBandAccelerometerDatum, Sensus.Android","X":-0.995361328125,"Y":0.01611328125,"Z":-0.0390625,"Id":"b616a236-6d63-4ba0-8be6-4adac77a91c7","DeviceId":"e009d040232a2b50","Timestamp":"2016-10-20T19:04:07.346313+00:00","ProtocolId":"df463a57-fd92-4d66-b6ca-683dfa1c2cb4","Anonymized":true},
{"$type":"Sensus.Shared.Probes.User.MicrosoftBand.MicrosoftBandAccelerometerDatum, Sensus.Android","X":-0.992919921875,"Y":0.01904296875,"Z":-0.036865234375,"Id":"2503369a-3123-4482-a49b-a54c031f3d33","DeviceId":"e009d040232a2b50","Timestamp":"2016-10-20T19:04:08.352507+00:00","ProtocolId":"df463a57-fd92-4d66-b6ca-683dfa1c2cb4","Anonymized":true},
{"$type":"Sensus.Shared.Probes.User.MicrosoftBand.MicrosoftBandAccelerometerDatum, Sensus.Android","X":-0.99560546875,"Y":0.018310546875,"Z":-0.035888671875,"Id":"0b3224f7-8fca-4be9-88c3-272c4cc89e91","DeviceId":"e009d040232a2b50","Timestamp":"2016-10-20T19:04:09.353219+00:00","ProtocolId":"df463a57-fd92-4d66-b6ca-683dfa1c2cb4","Anonymized":true},
{"$type":"Sensus.Shared.Probes.User.MicrosoftBand.MicrosoftBandAccelerometerDatum, Sensus.Android","X":-0.995361328125,"Y":0.01611328125,"Z":-0.03759765625,"Id":"d01a1884-ec0d-447d-984f-3f2dfba87233","DeviceId":"e009d040232a2b50","Timestamp":"2016-10-20T19:04:10.36122+00:00","ProtocolId":"df463a57-fd92-4d66-b6ca-683dfa1c2cb4","Anonymized":true},
{"$type":"Sensus.Shared.Probes.User.MicrosoftBand.MicrosoftBandAccelerometerDatum, Sensus.Android","X":-0.9931640625,"Y":0.0166015625,"Z":-0.04052734375,"Id":"8d62c4d0-5059-4858-ba3c-fcb4f3cdcf1d","DeviceId":"e009d040232a2b50","Timestamp":"2016-10-20T19:04:11.361529+00:00","ProtocolId":"df463a57-fd92-4d66-b6ca-683dfa1c2cb4","Anonymized":true},
{"$type":"Sensus.Shared.Probes.User.MicrosoftBand.MicrosoftBandAccelerometerDatum, Sensus.Android","X":-0.9931640625,"Y":0.016845703125,"Z":-0.039794921875,"Id":"9eadb06c-23c8-4e2a-b90d-44b73e2c0b5f","DeviceId":"e009d040232a2b50","Timestamp":"2016-10-20T19:04:12.362187+00:00","ProtocolId":"df463a57-fd92-4d66-b6ca-683dfa1c2cb4","Anonymized":true},
{"$type":"Sensus.Shared.Probes.User.MicrosoftBand.MicrosoftBandAccelerometerDatum, Sensus.Android","X":-0.991455078125,"Y":0.017333984375,"Z":-0.0380859375,"Id":"b2932bf3-25f6-4e23-bc8c-3fe367c5ab06","DeviceId":"e009d040232a2b50","Timestamp":"2016-10-20T19:04:13.406556+00:00","ProtocolId":"df463a57-fd92-4d66-b6ca-683dfa1c2cb4","Anonymized":true},
{"$type":"Sensus.Shared.Probes.User.MicrosoftBand.MicrosoftBandAccelerometerDatum, Sensus.Android","X":-0.994384765625,"Y":0.015869140625,"Z":-0.03857421875,"Id":"a359020c-c849-46c9-8d0a-929d8b30eca7","DeviceId":"e009d040232a2b50","Timestamp":"2016-10-20T19:04:14.435003+00:00","ProtocolId":"df463a57-fd92-4d66-b6ca-683dfa1c2cb4","Anonymized":true},
{"$type":"Sensus.Shared.Probes.User.MicrosoftBand.MicrosoftBandAccelerometerDatum, Sensus.Android","X":-0.994140625,"Y":0.01611328125,"Z":-0.0361328125,"Id":"66b4de7d-8982-4cc5-94af-311eeac6e050","DeviceId":"e009d040232a2b50","Timestamp":"2016-10-20T19:04:15.484304+00:00","ProtocolId":"df463a57-fd92-4d66-b6ca-683dfa1c2cb4","Anonymized":true},
{"$type":"Sensus.Shared.Probes.User.MicrosoftBand.MicrosoftBandAccelerometerDatum, Sensus.Android","X":-0.994873046875,"Y":0.014892578125,"Z":-0.038818359375,"Id":"e0059013-1899-40ac-baca-629291937d74","DeviceId":"e009d040232a2b50","Timestamp":"2016-10-20T19:04:16.529421+00:00","ProtocolId":"df463a57-fd92-4d66-b6ca-683dfa1c2cb4","Anonymized":true},
{"$type":"Sensus.Shared.Probes.User.MicrosoftBand.MicrosoftBandAccelerometerDatum, Sensus.Android","X":-0.993408203125,"Y":0.01904296875,"Z":-0.039794921875,"Id":"4e8b64a5-f0db-4545-ad9a-90a0b6bd9458","DeviceId":"e009d040232a2b50","Timestamp":"2016-10-20T19:04:17.530726+00:00","ProtocolId":"df463a57-fd92-4d66-b6ca-683dfa1c2cb4","Anonymized":true},
{"$type":"Sensus.Shared.Probes.User.MicrosoftBand.MicrosoftBandAccelerometerDatum, Sensus.Android","X":-0.99560546875,"Y":0.016357421875,"Z":-0.041259765625,"Id":"efa969e5-6be4-4362-b41b-35d97613da4e","DeviceId":"e009d040232a2b50","Timestamp":"2016-10-20T19:04:18.531643+00:00","ProtocolId":"df463a57-fd92-4d66-b6ca-683dfa1c2cb4","Anonymized":true},
{"$type":"Sensus.Shared.Probes.User.MicrosoftBand.MicrosoftBandAccelerometerDatum, Sensus.Android","X":-0.99560546875,"Y":0.017333984375,"Z":-0.037353515625,"Id":"16000d74-6717-4cc6-805f-03db5a5b5517","DeviceId":"e009d040232a2b50","Timestamp":"2016-10-20T19:04:19.575747+00:00","ProtocolId":"df463a57-fd92-4d66-b6ca-683dfa1c2cb4","Anonymized":true},
{"$type":"Sensus.Shared.Probes.User.MicrosoftBand.MicrosoftBandAccelerometerDatum, Sensus.Android","X":-0.993408203125,"Y":0.016845703125,"Z":-0.038818359375,"Id":"9a2b4d03-042d-4760-9277-5a8a78745299","DeviceId":"e009d040232a2b50","Timestamp":"2016-10-20T19:04:20.617462+00:00","ProtocolId":"df463a57-fd92-4d66-b6ca-683dfa1c2cb4","Anonymized":true},
{"$type":"Sensus.Shared.Probes.User.MicrosoftBand.MicrosoftBandAccelerometerDatum, Sensus.Android","X":-0.994140625,"Y":0.015625,"Z":-0.039306640625,"Id":"c2625eb0-99f9-4adf-8c26-06491a9f391b","DeviceId":"e009d040232a2b50","Timestamp":"2016-10-20T19:04:21.668352+00:00","ProtocolId":"df463a57-fd92-4d66-b6ca-683dfa1c2cb4","Anonymized":true},
{"$type":"Sensus.Shared.Probes.User.MicrosoftBand.MicrosoftBandAccelerometerDatum, Sensus.Android","X":-0.994140625,"Y":0.0166015625,"Z":-0.040771484375,"Id":"5d1892fd-8538-4eee-b76c-d997c3c2b683","DeviceId":"e009d040232a2b50","Timestamp":"2016-10-20T19:04:22.702223+00:00","ProtocolId":"df463a57-fd92-4d66-b6ca-683dfa1c2cb4","Anonymized":true},
{"$type":"Sensus.Shared.Probes.User.MicrosoftBand.MicrosoftBandAccelerometerDatum, Sensus.Android","X":-0.995849609375,"Y":0.016845703125,"Z":-0.040771484375,"Id":"ea8e6f6a-dbd6-4f05-b051-5df845bc1462","DeviceId":"e009d040232a2b50","Timestamp":"2016-10-20T19:04:23.724924+00:00","ProtocolId":"df463a57-fd92-4d66-b6ca-683dfa1c2cb4","Anonymized":true},
{"$type":"Sensus.Shared.Probes.User.MicrosoftBand.MicrosoftBandAccelerometerDatum, Sensus.Android","X":-0.99462890625,"Y":0.01611328125,"Z":-0.040771484375,"Id":"7751f58b-7423-407b-9e9e-b884e90e3b8a","DeviceId":"e009d040232a2b50","Timestamp":"2016-10-20T19:04:24.763595+00:00","ProtocolId":"df463a57-fd92-4d66-b6ca-683dfa1c2cb4","Anonymized":true},
{"$type":"Sensus.Shared.Probes.User.MicrosoftBand.MicrosoftBandAccelerometerDatum, Sensus.Android","X":-0.994873046875,"Y":0.01708984375,"Z":-0.037109375,"Id":"6afa8e5a-4563-4ff7-aca6-75b4840ee3b3","DeviceId":"e009d040232a2b50","Timestamp":"2016-10-20T19:04:25.802474+00:00","ProtocolId":"df463a57-fd92-4d66-b6ca-683dfa1c2cb4","Anonymized":true},
{"$type":"Sensus.Shared.Probes.User.MicrosoftBand.MicrosoftBandAccelerometerDatum, Sensus.Android","X":-0.993408203125,"Y":0.015869140625,"Z":-0.03955078125,"Id":"f1369719-8e4a-4181-8f41-1eb4abe91d58","DeviceId":"e009d040232a2b50","Timestamp":"2016-10-20T19:04:26.807111+00:00","ProtocolId":"df463a57-fd92-4d66-b6ca-683dfa1c2cb4","Anonymized":true},
{"$type":"Sensus.Shared.Probes.User.MicrosoftBand.MicrosoftBandAccelerometerDatum, Sensus.Android","X":-0.99462890625,"Y":0.016357421875,"Z":-0.039794921875,"Id":"828915a4-753a-4cfb-bcd7-b8cf41ff9d67","DeviceId":"e009d040232a2b50","Timestamp":"2016-10-20T19:04:27.809697+00:00","ProtocolId":"df463a57-fd92-4d66-b6ca-683dfa1c2cb4","Anonymized":true},
{"$type":"Sensus.Shared.Probes.User.MicrosoftBand.MicrosoftBandAccelerometerDatum, Sensus.Android","X":-0.9931640625,"Y":0.01611328125,"Z":-0.038330078125,"Id":"e9c1a8f0-ee3f-4a98-abe6-0c9cdcd96bca","DeviceId":"e009d040232a2b50","Timestamp":"2016-10-20T19:04:28.815023+00:00","ProtocolId":"df463a57-fd92-4d66-b6ca-683dfa1c2cb4","Anonymized":true},
{"$type":"Sensus.Shared.Probes.User.MicrosoftBand.MicrosoftBandAccelerometerDatum, Sensus.Android","X":-0.994873046875,"Y":0.016357421875,"Z":-0.03955078125,"Id":"0a538d2c-13af-4df9-bab1-9a3a03a61d42","DeviceId":"e009d040232a2b50","Timestamp":"2016-10-20T19:04:29.817283+00:00","ProtocolId":"df463a57-fd92-4d66-b6ca-683dfa1c2cb4","Anonymized":true},
{"$type":"Sensus.Shared.Probes.User.MicrosoftBand.MicrosoftBandAccelerometerDatum, Sensus.Android","X":-0.995361328125,"Y":0.01904296875,"Z":-0.040283203125,"Id":"d1af4004-9e8c-4f1d-8fde-50ab9a1073e7","DeviceId":"e009d040232a2b50","Timestamp":"2016-10-20T19:04:30.857951+00:00","ProtocolId":"df463a57-fd92-4d66-b6ca-683dfa1c2cb4","Anonymized":true},
{"$type":"Sensus.Shared.Probes.User.MicrosoftBand.MicrosoftBandAccelerometerDatum, Sensus.Android","X":-0.9951171875,"Y":0.017822265625,"Z":-0.037841796875,"Id":"3e7607ac-34b0-42bf-8a17-0c129dd6681e","DeviceId":"e009d040232a2b50","Timestamp":"2016-10-20T19:04:31.898858+00:00","ProtocolId":"df463a57-fd92-4d66-b6ca-683dfa1c2cb4","Anonymized":true},
{"$type":"Sensus.Shared.Probes.User.MicrosoftBand.MicrosoftBandAccelerometerDatum, Sensus.Android","X":-0.9931640625,"Y":0.01708984375,"Z":-0.03955078125,"Id":"b7fb182a-63df-4487-88a1-7cde2615202e","DeviceId":"e009d040232a2b50","Timestamp":"2016-10-20T19:04:32.901966+00:00","ProtocolId":"df463a57-fd92-4d66-b6ca-683dfa1c2cb4","Anonymized":true},
{"$type":"Sensus.Shared.Probes.User.MicrosoftBand.MicrosoftBandAccelerometerDatum, Sensus.Android","X":-0.994140625,"Y":0.018310546875,"Z":-0.04052734375,"Id":"dde88133-b600-4907-891a-a5f209cb9337","DeviceId":"e009d040232a2b50","Timestamp":"2016-10-20T19:04:33.902234+00:00","ProtocolId":"df463a57-fd92-4d66-b6ca-683dfa1c2cb4","Anonymized":true},
{"$type":"Sensus.Shared.Probes.User.MicrosoftBand.MicrosoftBandAccelerometerDatum, Sensus.Android","X":-0.994873046875,"Y":0.01416015625,"Z":-0.036376953125,"Id":"490c9cd0-24d1-473d-9e55-f666965acc71","DeviceId":"e009d040232a2b50","Timestamp":"2016-10-20T19:04:34.937419+00:00","ProtocolId":"df463a57-fd92-4d66-b6ca-683dfa1c2cb4","Anonymized":true},
{"$type":"Sensus.Shared.Probes.User.MicrosoftBand.MicrosoftBandAccelerometerDatum, Sensus.Android","X":-0.99560546875,"Y":0.01708984375,"Z":-0.034912109375,"Id":"cbf50c8a-df95-4ff8-86b1-e5daaf0ad713","DeviceId":"e009d040232a2b50","Timestamp":"2016-10-20T19:04:35.979753+00:00","ProtocolId":"df463a57-fd92-4d66-b6ca-683dfa1c2cb4","Anonymized":true}
]