[
{"$type":"Sensus.Shared.Probes.User.MicrosoftBand.MicrosoftBandGyroscopeDatum, Sensus.Android","AngularX":0.64024388790130615,"AngularY":-0.45731708407402039,"AngularZ":0.0,"Id":"f4b72f2e-8fb7-4257-a99a-1f944931ad24","DeviceId":"e009d040232a2b50","Timestamp":"2016-10-20T18:30:51.285969+00:00","ProtocolId":"df463a57-fd92-4d66-b6ca-683dfa1c2cb4","Anonymized":true},
{"$type":"Sensus.Shared.Probes.User.MicrosoftBand.MicrosoftBandGyroscopeDatum, Sensus.Android","AngularX":0.60975611209869385,"AngularY":-0.33536586165428162,"AngularZ":-0.15243902802467346,"Id":"ee17ce8c-a0bf-479c-92a5-fca885bd5f59","DeviceId":"e009d040232a2b50","Timestamp":"2016-10-20T18:33:27.405176+00:00","ProtocolId":"df463a57-fd92-4d66-b6ca-683dfa1c2cb4","Anonymized":true},
{"$type":"Sensus.Shared.Probes.User.MicrosoftBand.MicrosoftBandGyroscopeDatum, Sensus.Android","AngularX":0.70121955871582031,"AngularY":-0.45731708407402039,"AngularZ":-0.060975611209869385,"Id":"88348830-453d-4f54-8453-5ba276e1f664","DeviceId":"e009d040232a2b50","Timestamp":"2016-10-20T18:33:28.431307+00:00","ProtocolId":"df463a57-fd92-4d66-b6ca-683dfa1c2cb4","Anonymized":true},
{"$type":"Sensus.Shared.Probes.User.MicrosoftBand.MicrosoftBandGyroscopeDatum, Sensus.Android","AngularX":0.67073172330856323,"AngularY":-0.42682927846908569,"AngularZ":-0.060975611209869385,"Id":"b6469903-d7f3-4c58-bcd3-5236146ddac5","DeviceId":"e009d040232a2b50","Timestamp":"2016-10-20T18:33:29.464891+00:00","ProtocolId":"df463a57-fd92-4d66-b6ca-683dfa1c2cb4","Anonymized":true},
{"$type":"Sensus.Shared.Probes.User.MicrosoftBand.MicrosoftBandGyroscopeDatum, Sensus.Android","AngularX":0.64024388790130615,"AngularY":-0.36585366725921631,"AngularZ":-0.030487805604934692,"Id":"37b5b097-9b4a-435a-a266-d39e18037031","DeviceId":"e009d040232a2b50","Timestamp":"2016-10-20T18:33:30.469657+00:00","ProtocolId":"df463a57-fd92-4d66-b6ca-683dfa1c2cb4","Anonymized":true}
]