[
{"$type":"Sensus.Shared.Probes.User.MicrosoftBand.MicrosoftBandGyroscopeDatum, Sensus.Android","AngularX":0.64024388790130615,"AngularY":-0.45731708407402039,"AngularZ":-0.030487805604934692,"Id":"9ddcdb02-cba0-4468-9760-dae5ab17f172","DeviceId":"e009d040232a2b50","Timestamp":"2016-10-20T18:33:31.473425+00:00","ProtocolId":"df463a57-fd92-4d66-b6ca-683dfa1c2cb4","Anonymized":true},
{"$type":"Sensus.Shared.Probes.User.MicrosoftBand.MicrosoftBandGyroscopeDatum, Sensus.Android","AngularX":0.67073172330856323,"AngularY":-0.45731708407402039,"AngularZ":-0.091463416814804077,"Id":"9ad1f6d5-3a39-4849-8db7-150a9b7a678b","DeviceId":"e009d040232a2b50","Timestamp":"2016-10-20T18:33:32.510109+00:00","ProtocolId":"df463a57-fd92-4d66-b6ca-683dfa1c2cb4","Anonymized":true},
{"$type":"Sensus.Shared.Probes.User.MicrosoftBand.MicrosoftBandGyroscopeDatum, Sensus.Android","AngularX":0.60975611209869385,"AngularY":-0.42682927846908569,"AngularZ":0.0,"Id":"c7387a9f-660c-400d-9cdd-99deeacfd0c5","DeviceId":"e009d040232a2b50","Timestamp":"2016-10-20T19:03:42.719679+00:00","ProtocolId":"df463a57-fd92-4d66-b6ca-683dfa1c2cb4","Anonymized":true},
{"$type":"Sensus.Shared.Probes.User.MicrosoftBand.MicrosoftBandGyroscopeDatum, Sensus.Android","AngularX":0.64024388790130615,"AngularY":-0.45731708407402039,"AngularZ":0.0,"Id":"18a587cb-66e8-4d0c-929e-ff6fc294acd1","DeviceId":"e009d040232a2b50","Timestamp":"2016-10-20T19:03:43.743588+00:00","ProtocolId":"df463a57-fd92-4d66-b6ca-683dfa1c2cb4","Anonymized":true},
{"$type":"Sensus.Shared.Probes.User.MicrosoftBand.MicrosoftBandGyroscopeDatum, Sensus.Android","AngularX":0.60975611209869385,"AngularY":-0.33536586165428162,"AngularZ":0.030487805604934692,"Id":"8f246d5e-c310-43e8-8e84-a3dd811f6b20","DeviceId":"e009d040232a2b50","Timestamp":"2016-10-20T19:03:44.764789+00:00","ProtocolId":"df463a57-fd92-4d66-b6ca-683dfa1c2cb4","Anonymized":true},
{"$type":"Sensus.Shared.Probes.User.MicrosoftBand.MicrosoftBandGyroscopeDatum, Sensus.Android","AngularX":0.54878050088882446,"AngularY":-0.45731708407402039,"AngularZ":0.0,"Id":"eff31c18-536d-482e-a9f0-c947613ef0c2","DeviceId":"e009d040232a2b50","Timestamp":"2016-10-20T19:03:45.789229+00:00","ProtocolId":"df463a57-fd92-4d66-b6ca-683dfa1c2cb4","Anonymized":true},
{"$type":"Sensus.Shared.Probes.User.MicrosoftBand.MicrosoftBandGyroscopeDatum, Sensus.Android","AngularX":0.64024388790130615,"AngularY":-0.36585366725921631,"AngularZ":0.030487805604934692,"Id":"91faf204-fbaa-4e82-80f8-997b962f9a8e","DeviceId":"e009d040232a2b50","Timestamp":"2016-10-20T19:03:46.818921+00:00","ProtocolId":"df463a57-fd92-4d66-b6ca-683dfa1c2cb4","Anonymized":true},
{"$type":"Sensus.Shared.Probes.User.MicrosoftBand.MicrosoftBandGyroscopeDatum, Sensus.Android","AngularX":0.64024388790130615,"AngularY":-0.396341472864151,"AngularZ":-0.091463416814804077,"Id":"3dee73a8-1927-4e1c-a3ff-43c6360f576b","DeviceId":"e009d040232a2b50","Timestamp":"2016-10-20T19:03:47.861361+00:00","ProtocolId":"df463a57-fd92-4d66-b6ca-683dfa1c2cb4","Anonymized":true},
{"$type":"Sensus.Shared.Probes.User.MicrosoftBand.MicrosoftBandGyroscopeDatum, Sensus.Android","AngularX":0.60975611209869385,"AngularY":-0.396341472864151,"AngularZ":-0.030487805604934692,"Id":"4103bd7c-2db8-447b-96fb-007ce6a51994","DeviceId":"e009d040232a2b50","Timestamp":"2016-10-20T19:03:48.904763+00:00","ProtocolId":"df463a57-fd92-4d66-b6ca-683dfa1c2cb4","Anonymized":true},
{"$type":"Sensus.Shared.Probes.User.MicrosoftBand.MicrosoftBandGyroscopeDatum, Sensus.Android","AngularX":0.64024388790130615,"AngularY":-0.36585366725921631,"AngularZ":-0.030487805604934692,"Id":"3093363e-a691-4784-a95c-1bf7786b8a8d","DeviceId":"e009d040232a2b50","Timestamp":"2016-10-20T19:03:49.956595+00:00","ProtocolId":"df463a57-fd92-4d66-b6ca-683dfa1c2cb4","Anonymized":true},
{"$type":"Sensus.Shared.Probes.User.MicrosoftBand.MicrosoftBandGyroscopeDatum, Sensus.Android","AngularX":0.60975611209869385,"AngularY":-0.33536586165428162,"AngularZ":-0.060975611209869385,"Id":"26e031c1-0138-4f91-97a4-6449a46b2784","DeviceId":"e009d040232a2b50","Timestamp":"2016-10-20T19:03:50.986129+00:00","ProtocolId":"df463a57-fd92-4d66-b6ca-683dfa1c2cb4","Anonymized":true},
{"$type":"Sensus.Shared.Probes.User.MicrosoftBand.MicrosoftBandGyroscopeDatum, Sensus.Android","AngularX":0.64024388790130615,"AngularY":-0.396341472864151,"AngularZ":-0.060975611209869385,"Id":"3f0d7b83-50dd-4d3c-a1e7-9b6e0f0713b3","DeviceId":"e009d040232a2b50","Timestamp":"2016-10-20T19:03:52.029756+00:00","ProtocolId":"df463a57-fd92-4d66-b6ca-683dfa1c2cb4","Anonymized":true},
{"$type":"Sensus.Shared.Probes.User.MicrosoftBand.MicrosoftBandGyroscopeDatum, Sensus.Android","AngularX":0.60975611209869385,"AngularY":-0.396341472864151,"AngularZ":0.060975611209869385,"Id":"813477c4-c4a7-47d1-861b-3322a034d201","DeviceId":"e009d040232a2b50","Timestamp":"2016-10-20T19:03:53.034366+00:00","ProtocolId":"df463a57-fd92-4d66-b6ca-683dfa1c2cb4","Anonymized":true},
{"$type":"Sensus.Shared.Probes.User.MicrosoftBand.MicrosoftBandGyroscopeDatum, Sensus.Android","AngularX":0.60975611209869385,"AngularY":-0.36585366725921631,"AngularZ":0.030487805604934692,"Id":"5c7413c4-923e-48e9-b2f9-877a5895b825","DeviceId":"e009d040232a2b50","Timestamp":"2016-10-20T19:03:54.042435+00:00","ProtocolId":"df463a57-fd92-4d66-b6ca-683dfa1c2cb4","Anonymized":true},
{"$type":"Sensus.Shared.Probes.User.MicrosoftBand.MicrosoftBandGyroscopeDatum, Sensus.Android","AngularX":0.54878050088882446,"AngularY":-0.396341472864151,"AngularZ":-0.030487805604934692,"Id":"0eb19ba9-964c-4b6b-afec-2ee4d4c27f7c","DeviceId":"e009d040232a2b50","Timestamp":"2016-10-20T19:03:55.08194+00:00","ProtocolId":"df463a57-fd92-4d66-b6ca-683dfa1c2cb4","Anonymized":true},
{"$type":"Sensus.Shared.Probes.User.MicrosoftBand.MicrosoftBandGyroscopeDatum, Sensus.Android","AngularX":0.54878050088882446,"AngularY":-0.396341472864151,"AngularZ":0.0,"Id":"c210fb63-e291-4ce2-8e53-bee5c86eb699","DeviceId":"e009d040232a2b50","Timestamp":"2016-10-20T19:03:56.118729+00:00","ProtocolId":"df463a57-fd92-4d66-b6ca-683dfa1c2cb4","Anonymized":true},
{"$type":"Sensus.Shared.Probes.User.MicrosoftBand.MicrosoftBandGyroscopeDatum, Sensus.Android","AngularX":0.60975611209869385,"AngularY":-0.42682927846908569,"AngularZ":0.0,"Id":"93ad204d-2270-45b6-a9f4-ffafeee33cbe","DeviceId":"e009d040232a2b50","Timestamp":"2016-10-20T19:03:57.156166+00:00","ProtocolId":"df463a57-fd92-4d66-b6ca-683dfa1c2cb4","Anonymized":true},
{"$type":"Sensus.Shared.Probes.User.MicrosoftBand.MicrosoftBandGyroscopeDatum, Sensus.Android","AngularX":0.54878050088882446,"AngularY":-0.42682927846908569,"AngularZ":-0.060975611209869385,"Id":"edc53dcf-fea1-47f3-8e1e-a24656304b23","DeviceId":"e009d040232a2b50","Timestamp":"2016-10-20T19:03:58.156479+00:00","ProtocolId":"df463a57-fd92-4d66-b6ca-683dfa1c2cb4","Anonymized":true},
{"$type":"Sensus.Shared.Probes.User.MicrosoftBand.MicrosoftBandGyroscopeDatum, Sensus.Android","AngularX":0.51829266548156738,"AngularY":-0.396341472864151,"AngularZ":-0.091463416814804077,"Id":"a4a7fca3-d6e7-4c95-af67-53500ad10ebb","DeviceId":"e009d040232a2b50","Timestamp":"2016-10-20T19:03:59.159491+00:00","ProtocolId":"df463a57-fd92-4d66-b6ca-683dfa1c2cb4","Anonymized":true},
{"$type":"Sensus.Shared.Probes.User.MicrosoftBand.MicrosoftBandGyroscopeDatum, Sensus.Android","AngularX":0.60975611209869385,"AngularY":-0.42682927846908569,"AngularZ":-0.12195122241973877,"Id":"6e8c0dc5-2416-4bce-870f-fa1e60c1c94d","DeviceId":"e009d040232a2b50","Timestamp":"2016-10-20T19:04:00.208691+00:00","ProtocolId":"df463a57-fd92-4d66-b6ca-683dfa1c2cb4","Anonymized":true},
{"$type":"Sensus.Shared.Probes.User.MicrosoftBand.MicrosoftBandGyroscopeDatum, Sensus.Android","AngularX":0.54878050088882446,"AngularY":-0.33536586165428162,"AngularZ":-0.091463416814804077,"Id":"3c585e65-ac5d-4915-be44-af3c05ba6065","DeviceId":"e009d040232a2b50","Timestamp":"2016-10-20T19:04:01.21118+00:00","ProtocolId":"df463a57-fd92-4d66-b6ca-683dfa1c2cb4","Anonymized":true},
{"$type":"Sensus.Shared.Probes.User.MicrosoftBand.MicrosoftBandGyroscopeDatum, Sensus.Android","AngularX":0.64024388790130615,"AngularY":-0.396341472864151,"AngularZ":-0.060975611209869385,"Id":"08c8a238-37c2-401f-99ee-bef1db072004","DeviceId":"e009d040232a2b50","Timestamp":"2016-10-20T19:04:02.220703+00:00","ProtocolId":"df463a57-fd92-4d66-b6ca-683dfa1c2cb4","Anonymized":true},
{"$type":"Sensus.Shared.Probes.User.MicrosoftBand.MicrosoftBandGyroscopeDatum, Sensus.Android","AngularX":0.54878050088882446,"AngularY":-0.33536586165428162,"AngularZ":0.0,"Id":"623fd9b7-0ea4-4985-a3c2-904a627a96e5","DeviceId":"e009d040232a2b50","Timestamp":"2016-10-20T19:04:03.237995+00:00","ProtocolId":"df463a57-fd92-4d66-b6ca-683dfa1c2cb4","Anonymized":true},
{"$type":"Sensus.Shared.Probes.User.MicrosoftBand.MicrosoftBandGyroscopeDatum, Sensus.Android","AngularX":0.60975611209869385,"AngularY":-0.42682927846908569,"AngularZ":-0.060975611209869385,"Id":"b2834657-c706-4f28-bfe9-8508ddb4d15b","DeviceId":"e009d040232a2b50","Timestamp":"2016-10-20T19:04:04.280358+00:00","ProtocolId":"df463a57-fd92-4d66-b6ca-683dfa1c2cb4","Anonymized":true},
{"$type":"Sensus.Shared.Probes.User.MicrosoftBand.MicrosoftBandGyroscopeDatum, Sensus.Android","AngularX":0.60975611209869385,"AngularY":-0.36585366725921631,"AngularZ":-0.030487805604934692,"Id":"a437c629-f752-4738-84d5-5abce4d43055","DeviceId":"e009d040232a2b50","Timestamp":"2016-10-20T19:04:05.331401+00:00","ProtocolId":"df463a57-fd92-4d66-b6ca-683dfa1c2cb4","Anonymized":true},
{"$type":"Sensus.Shared.Probes.User.MicrosoftBand.MicrosoftBandGyroscopeDatum, Sensus.Android","AngularX":0.48780488967895508,"AngularY":-0.396341472864151,"AngularZ":-0.060975611209869385,"Id":"7d74fc20-9add-4e8b-834e-d46af0a2370c","DeviceId":"e009d040232a2b50","Timestamp":"2016-10-20T19:04:06.33221+00:00","ProtocolId":"df463a57-fd92-4d66-b6ca-683dfa1c2cb4","Anonymized":true},
{"$type":"Sensus.Shared.Probes.User.MicrosoftBand.MicrosoftBandGyroscopeDatum, Sensus.Android","AngularX":0.57926833629608154,"AngularY":-0.42682927846908569,"AngularZ":-0.060975611209869385,"Id":"d93ca715-eecc-4f38-a459-c1cb9d6ec3f2","DeviceId":"e009d040232a2b50","Timestamp":"2016-10-20T19:04:07.341631+00:00","ProtocolId":"df463a57-fd92-4d66-b6ca-683dfa1c2cb4","Anonymized":true},
{"$type":"Sensus.Shared.Probes.User.MicrosoftBand.MicrosoftBandGyroscopeDatum, Sensus.Android","AngularX":0.51829266548156738,"AngularY":-0.45731708407402039,"AngularZ":-0.091463416814804077,"Id":"f523f08b-3cf5-4ea6-8ecf-409fd542f4b9","DeviceId":"e009d040232a2b50","Timestamp":"2016-10-20T19:04:08.349058+00:00","ProtocolId":"df463a57-fd92-4d66-b6ca-683dfa1c2cb4","Anonymized":true},
{"$type":"Sensus.Shared.Probes.User.MicrosoftBand.MicrosoftBandGyroscopeDatum, Sensus.Android","AngularX":0.57926833629608154,"AngularY":-0.36585366725921631,"AngularZ":-0.030487805604934692,"Id":"043426b1-53a5-414a-a8d5-8997d810b3ba","DeviceId":"e009d040232a2b50","Timestamp":"2016-10-20T19:04:09.350092+00:00","ProtocolId":"df463a57-fd92-4d66-b6ca-683dfa1c2cb4","Anonymized":true},
{"$type":"Sensus.Shared.Probes.User.MicrosoftBand.MicrosoftBandGyroscopeDatum, Sensus.Android","AngularX":0.64024388790130615,"AngularY":-0.396341472864151,"AngularZ":0.0,"Id":"20963841-1ad4-4d56-a898-c4cd18216623","DeviceId":"e009d040232a2b50","Timestamp":"2016-10-20T19:04:10.366513+00:00","ProtocolId":"df463a57-fd92-4d66-b6ca-683dfa1c2cb4","Anonymized":true},
{"$type":"Sensus.Shared.Probes.User.MicrosoftBand.MicrosoftBandGyroscopeDatum, Sensus.Android","AngularX":0.60975611209869385,"AngularY":-0.42682927846908569,"AngularZ":-0.030487805604934692,"Id":"912a256a-998b-4926-a78f-3d9d1918c136","DeviceId":"e009d040232a2b50","Timestamp":"2016-10-20T19:04:11.408821+00:00","ProtocolId":"df463a57-fd92-4d66-b6ca-683dfa1c2cb4","Anonymized":true},
{"$type":"Sensus.Shared.Probes.User.MicrosoftBand.MicrosoftBandGyroscopeDatum, Sensus.Android","AngularX":0.54878050088882446,"AngularY":-0.42682927846908569,"AngularZ":-0.12195122241973877,"Id":"7fb723a2-5a1e-480b-b68b-d07c7783ac6c","DeviceId":"e009d040232a2b50","Timestamp":"2016-10-20T19:04:12.453743+00:00","ProtocolId":"df463a57-fd92-4d66-b6ca-683dfa1c2cb4","Anonymized":true},
{"$type":"Sensus.Shared.Probes.User.MicrosoftBand.MicrosoftBandGyroscopeDatum, Sensus.Android","AngularX":0.51829266548156738,"AngularY":-0.33536586165428162,"AngularZ":-0.060975611209869385,"Id":"64b59b38-8ae5-4c5a-9652-027273e8f7c2","DeviceId":"e009d040232a2b50","Timestamp":"2016-10-20T19:04:13.454543+00:00","ProtocolId":"df463a57-fd92-4d66-b6ca-683dfa1c2cb4","Anonymized":true},
{"$type":"Sensus.Shared.Probes.User.MicrosoftBand.MicrosoftBandGyroscopeDatum, Sensus.Android","AngularX":0.57926833629608154,"AngularY":-0.396341472864151,"AngularZ":-0.030487805604934692,"Id":"43ecec71-e95a-4743-8995-e5e42214d7ba","DeviceId":"e009d040232a2b50","Timestamp":"2016-10-20T19:04:14.457851+00:00","ProtocolId":"df463a57-fd92-4d66-b6ca-683dfa1c2cb4","Anonymized":true},
{"$type":"Sensus.Shared.Probes.User.MicrosoftBand.MicrosoftBandGyroscopeDatum, Sensus.Android","AngularX":0.57926833629608154,"AngularY":-0.36585366725921631,"AngularZ":0.0,"Id":"ecf3be00-ea9e-4554-a8f5-2d9e3f62829f","DeviceId":"e009d040232a2b50","Timestamp":"2016-10-20T19:04:15.488545+00:00","ProtocolId":"df463a57-fd92-4d66-b6ca-683dfa1c2cb4","Anonymized":true},
{"$type":"Sensus.Shared.Probes.User.MicrosoftBand.MicrosoftBandGyroscopeDatum, Sensus.Android","AngularX":0.54878050088882446,"AngularY":-0.396341472864151,"AngularZ":-0.030487805604934692,"Id":"e8151688-89c4-444d-b01a-533cc4b495eb","DeviceId":"e009d040232a2b50","Timestamp":"2016-10-20T19:04:16.532892+00:00","ProtocolId":"df463a57-fd92-4d66-b6ca-683dfa1c2cb4","Anonymized":true},
{"$type":"Sensus.Shared.Probes.User.MicrosoftBand.MicrosoftBandGyroscopeDatum, Sensus.Android","AngularX":0.60975611209869385,"AngularY":-0.42682927846908569,"AngularZ":0.0,"Id":"68312cd8-7d2c-416d-ba3e-57c159678daa","DeviceId":"e009d040232a2b50","Timestamp":"2016-10-20T19:04:17.534224+00:00","ProtocolId":"df463a57-fd92-4d66-b6ca-683dfa1c2cb4","Anonymized":true},
{"$type":"Sensus.Shared.Probes.User.MicrosoftBand.MicrosoftBandGyroscopeDatum, Sensus.Android","AngularX":0.57926833629608154,"AngularY":-0.42682927846908569,"AngularZ":0.0,"Id":"9fddcbeb-2bc0-444c-a697-e6aa6dc82174","DeviceId":"e009d040232a2b50","Timestamp":"2016-10-20T19:04:18.535233+00:00","ProtocolId":"df463a57-fd92-4d66-b6ca-683dfa1c2cb4","Anonymized":true},
{"$type":"Sensus.Shared.Probes.User.MicrosoftBand.MicrosoftBandGyroscopeDatum, Sensus.Android","AngularX":0.60975611209869385,"AngularY":-0.42682927846908569,"AngularZ":-0.030487805604934692,"Id":"3c74e6a1-88ab-48e6-be5f-b8974d8d5510","DeviceId":"e009d040232a2b50","Timestamp":"2016-10-20T19:04:19.579544+00:00","ProtocolId":"df463a57-fd92-4d66-b6ca-683dfa1c2cb4","Anonymized":true},
{"$type":"Sensus.Shared.Probes.User.MicrosoftBand.MicrosoftBandGyroscopeDatum, Sensus.Android","AngularX":0.60975611209869385,"AngularY":-0.396341472864151,"AngularZ":-0.091463416814804077,"Id":"0a7c3705-b963-4696-82bd-b4e5bb24ef04","DeviceId":"e009d040232a2b50","Timestamp":"2016-10-20T19:04:20.621145+00:00","ProtocolId":"df463a57-fd92-4d66-b6ca-683dfa1c2cb4","Anonymized":true},
{"$type":"Sensus.Shared.Probes.User.MicrosoftBand.MicrosoftBandGyroscopeDatum, Sensus.Android","AngularX":0.54878050088882446,"AngularY":-0.396341472864151,"AngularZ":-0.060975611209869385,"Id":"3bf63378-a66b-4bb8-9df2-2e423506991f","DeviceId":"e009d040232a2b50","Timestamp":"2016-10-20T19:04:21.673846+00:00","ProtocolId":"df463a57-fd92-4d66-b6ca-683dfa1c2cb4","Anonymized":true},
{"$type":"Sensus.Shared.Probes.User.MicrosoftBand.MicrosoftBandGyroscopeDatum, Sensus.Android","AngularX":0.64024388790130615,"AngularY":-0.36585366725921631,"AngularZ":-0.060975611209869385,"Id":"47de5884-f82d-4146-a04b-d44c7b16cb8b","DeviceId":"e009d040232a2b50","Timestamp":"2016-10-20T19:04:22.707514+00:00","ProtocolId":"df463a57-fd92-4d66-b6ca-683dfa1c2cb4","Anonymized":true},
{"$type":"Sensus.Shared.Probes.User.MicrosoftBand.MicrosoftBandGyroscopeDatum, Sensus.Android","AngularX":0.64024388790130615,"AngularY":-0.42682927846908569,"AngularZ":-0.030487805604934692,"Id":"2958564a-4129-4e70-9517-3963e82fd36a","DeviceId":"e009d040232a2b50","Timestamp":"2016-10-20T19:04:23.72808+00:00","ProtocolId":"df463a57-fd92-4d66-b6ca-683dfa1c2cb4","Anonymized":true},
{"$type":"Sensus.Shared.Probes.User.MicrosoftBand.MicrosoftBandGyroscopeDatum, Sensus.Android","AngularX":0.54878050088882446,"AngularY":-0.396341472864151,"AngularZ":0.060975611209869385,"Id":"5707c922-7efb-4590-9a72-3e963016c2a7","DeviceId":"e009d040232a2b50","Timestamp":"2016-10-20T19:04:24.766855+00:00","ProtocolId":"df463a57-fd92-4d66-b6ca-683dfa1c2cb4","Anonymized":true},
{"$type":"Sensus.Shared.Probes.User.MicrosoftBand.MicrosoftBandGyroscopeDatum, Sensus.Android","AngularX":0.48780488967895508,"AngularY":-0.36585366725921631,"AngularZ":-0.030487805604934692,"Id":"c02926e6-34dd-473e-966d-49ccd6f98dcc","DeviceId":"e009d040232a2b50","Timestamp":"2016-10-20T19:04:25.805734+00:00","ProtocolId":"df463a57-fd92-4d66-b6ca-683dfa1c2cb4","Anonymized":true},
{"$type":"Sensus.Shared.Probes.User.MicrosoftBand.MicrosoftBandGyroscopeDatum, Sensus.Android","AngularX":0.60975611209869385,"AngularY":-0.36585366725921631,"AngularZ":0.060975611209869385,"Id":"231e5f6a-f660-43d6-832e-e44a88ab9c38","DeviceId":"e009d040232a2b50","Timestamp":"2016-10-20T19:04:26.809424+00:00","ProtocolId":"df463a57-fd92-4d66-b6ca-683dfa1c2cb4","Anonymized":true},
{"$type":"Sensus.Shared.Probes.User.MicrosoftBand.MicrosoftBandGyroscopeDatum, Sensus.Android","AngularX":0.60975611209869385,"AngularY":-0.396341472864151,"AngularZ":0.030487805604934692,"Id":"6d4b5d7a-269e-48ec-a036-7657ebcf4483","DeviceId":"e009d040232a2b50","Timestamp":"2016-10-20T19:04:27.812678+00:00","ProtocolId":"df463a57-fd92-4d66-b6ca-683dfa1c2cb4","Anonymized":true},
{"$type":"Sensus.Shared.Probes.User.MicrosoftBand.MicrosoftBandGyroscopeDatum, Sensus.Android","AngularX":0.54878050088882446,"AngularY":-0.42682927846908569,"AngularZ":-0.030487805604934692,"Id":"bb56bd07-ade1-4013-9540-bf5f75901827","DeviceId":"e009d040232a2b50","Timestamp":"2016-10-20T19:04:28.818574+00:00","ProtocolId":"df463a57-fd92-4d66-b6ca-683dfa1c2cb4","Anonymized":true},
{"$type":"Sensus.Shared.Probes.User.MicrosoftBand.MicrosoftBandGyroscopeDatum, Sensus.Android","AngularX":0.54878050088882446,"AngularY":-0.45731708407402039,"AngularZ":-0.091463416814804077,"Id":"901a8e5c-9f84-4ef9-ad91-506a2152f056","DeviceId":"e009d040232a2b50","Timestamp":"2016-10-20T19:04:29.822683+00:00","ProtocolId":"df463a57-fd92-4d66-b6ca-683dfa1c2cb4","Anonymized":true},
{"$type":"Sensus.Shared.Probes.User.MicrosoftBand.MicrosoftBandGyroscopeDatum, Sensus.Android","AngularX":0.64024388790130615,"AngularY":-0.42682927846908569,"AngularZ":-0.060975611209869385,"Id":"ac416124-5804-4936-a291-cce683a1fdde","DeviceId":"e009d040232a2b50","Timestamp":"2016-10-20T19:04:30.861968+00:00","ProtocolId":"df463a57-fd92-4d66-b6ca-683dfa1c2cb4","Anonymized":true},
{"$type":"Sensus.Shared.Probes.User.MicrosoftBand.MicrosoftBandGyroscopeDatum, Sensus.Android","AngularX":0.57926833629608154,"AngularY":-0.396341472864151,"AngularZ":0.060975611209869385,"Id":"423d5c58-b5e0-4e79-9a4f-8026f39e2f25","DeviceId":"e009d040232a2b50","Timestamp":"2016-10-20T19:04:31.901908+00:00","ProtocolId":"df463a57-fd92-4d66-b6ca-683dfa1c2cb4","Anonymized":true},
{"$type":"Sensus.Shared.Probes.User.MicrosoftBand.MicrosoftBandGyroscopeDatum, Sensus.Android","AngularX":0.60975611209869385,"AngularY":-0.36585366725921631,"AngularZ":0.0,"Id":"54186405-86af-468b-a864-f15111413efa","DeviceId":"e009d040232a2b50","Timestamp":"2016-10-20T19:04:32.904382+00:00","ProtocolId":"df463a57-fd92-4d66-b6ca-683dfa1c2cb4","Anonymized":true},
{"$type":"Sensus.Shared.Probes.User.MicrosoftBand.MicrosoftBandGyroscopeDatum, Sensus.Android","AngularX":0.57926833629608154,"AngularY":-0.36585366725921631,"AngularZ":0.0,"Id":"25251139-95cf-4a40-9d45-ba42c9822c9f","DeviceId":"e009d040232a2b50","Timestamp":"2016-10-20T19:04:33.908755+00:00","ProtocolId":"df463a57-fd92-4d66-b6ca-683dfa1c2cb4","Anonymized":true},
{"$type":"Sensus.Shared.Probes.User.MicrosoftBand.MicrosoftBandGyroscopeDatum, Sensus.Android","AngularX":0.54878050088882446,"AngularY":-0.396341472864151,"AngularZ":0.030487805604934692,"Id":"e6c50794-c6ac-4ad5-af29-53b50a6f21e9","DeviceId":"e009d040232a2b50","Timestamp":"2016-10-20T19:04:34.942607+00:00","ProtocolId":"df463a57-fd92-4d66-b6ca-683dfa1c2cb4","Anonymized":true},
{"$type":"Sensus.Shared.Probes.User.MicrosoftBand.MicrosoftBandGyroscopeDatum, Sensus.Android","AngularX":0.70121955871582031,"AngularY":-0.45731708407402039,"AngularZ":-0.060975611209869385,"Id":"bf041bc6-b637-4fa8-bebb-96acdf6d0b24","DeviceId":"e009d040232a2b50","Timestamp":"2016-10-20T19:04:35.98378+00:00","ProtocolId":"df463a57-fd92-4d66-b6ca-683dfa1c2cb4","Anonymized":true}
]