[
{"$type":"Sensus.Shared.Probes.User.MicrosoftBand.MicrosoftBandGyroscopeDatum, Sensus.Android","AngularX":0.76219511032104492,"AngularY":-0.45731708407402039,"AngularZ":-0.060975611209869385,"Id":"7ed2f09d-60df-4de1-851b-087434e7d502","DeviceId":"e009d040232a2b50","Timestamp":"2016-10-20T18:25:31.543714+00:00","ProtocolId":"df463a57-fd92-4d66-b6ca-683dfa1c2cb4","Anonymized":true},
{"$type":"Sensus.Shared.Probes.User.MicrosoftBand.MicrosoftBandGyroscopeDatum, Sensus.Android","AngularX":0.70121955871582031,"AngularY":-0.42682927846908569,"AngularZ":-0.030487805604934692,"Id":"96127bb1-d21a-4966-9e02-bb76247cf07b","DeviceId":"e009d040232a2b50","Timestamp":"2016-10-20T18:25:32.548258+00:00","ProtocolId":"df463a57-fd92-4d66-b6ca-683dfa1c2cb4","Anonymized":true},
{"$type":"Sensus.Shared.Probes.User.MicrosoftBand.MicrosoftBandGyroscopeDatum, Sensus.Android","AngularX":0.57926833629608154,"AngularY":-0.42682927846908569,"AngularZ":-0.060975611209869385,"Id":"4450ea9c-6693-4579-98fa-89111487ae9e","DeviceId":"e009d040232a2b50","Timestamp":"2016-10-20T18:25:33.60799+00:00","ProtocolId":"df463a57-fd92-4d66-b6ca-683dfa1c2cb4","Anonymized":true},
{"$type":"Sensus.Shared.Probes.User.MicrosoftBand.MicrosoftBandGyroscopeDatum, Sensus.Android","AngularX":0.73170733451843262,"AngularY":-0.45731708407402039,"AngularZ":-0.060975611209869385,"Id":"06755674-9203-410b-80b1-0c225bf625ea","DeviceId":"e009d040232a2b50","Timestamp":"2016-10-20T18:25:34.641878+00:00","ProtocolId":"df463a57-fd92-4d66-b6ca-683dfa1c2cb4","Anonymized":true},
{"$type":"Sensus.Shared.Probes.User.MicrosoftBand.MicrosoftBandGyroscopeDatum, Sensus.Android","AngularX":0.64024388790130615,"AngularY":-0.48780488967895508,"AngularZ":-0.060975611209869385,"Id":"2c00b726-6a33-4fda-9308-0b94e6a039f3","DeviceId":"e009d040232a2b50","Timestamp":"2016-10-20T18:25:39.771273+00:00","ProtocolId":"df463a57-fd92-4d66-b6ca-683dfa1c2cb4","Anonymized":true},
{"$type":"Sensus.Shared.Probes.User.MicrosoftBand.MicrosoftBandGyroscopeDatum, Sensus.Android","AngularX":0.76219511032104492,"AngularY":-0.42682927846908569,"AngularZ":-0.030487805604934692,"Id":"30c8ee6c-a650-4e79-b61b-2be9fc6665d9","DeviceId":"e009d040232a2b50","Timestamp":"2016-10-20T18:25:38.766605+00:00","ProtocolId":"df463a57-fd92-4d66-b6ca-683dfa1c2cb4","Anonymized":true},
{"$type":"Sensus.Shared.Probes.User.MicrosoftBand.MicrosoftBandGyroscopeDatum, Sensus.Android","AngularX":0.76219511032104492,"AngularY":-0.45731708407402039,"AngularZ":-0.060975611209869385,"Id":"4643e808-9303-46ff-9918-a3bfc2001850","DeviceId":"e009d040232a2b50","Timestamp":"2016-10-20T18:25:37.765227+00:00","ProtocolId":"df463a57-fd92-4d66-b6ca-683dfa1c2cb4","Anonymized":true},
{"$type":"Sensus.Shared.Probes.User.MicrosoftBand.MicrosoftBandGyroscopeDatum, Sensus.Android","AngularX":0.70121955871582031,"AngularY":-0.42682927846908569,"AngularZ":-0.060975611209869385,"Id":"620f0a32-2aff-48e8-92fd-a5927a990eda","DeviceId":"e009d040232a2b50","Timestamp":"2016-10-20T18:25:36.725654+00:00","ProtocolId":"df463a57-fd92-4d66-b6ca-683dfa1c2cb4","Anonymized":true},
{"$type":"Sensus.Shared.Probes.User.MicrosoftBand.MicrosoftBandGyroscopeDatum, Sensus.Android","AngularX":0.70121955871582031,"AngularY":-0.42682927846908569,"AngularZ":-0.060975611209869385,"Id":"01c1a97f-4c0e-4c25-8e40-e66d25e667ca","DeviceId":"e009d040232a2b50","Timestamp":"2016-10-20T18:25:35.677062+00:00","ProtocolId":"df463a57-fd92-4d66-b6ca-683dfa1c2cb4","Anonymized":true},
{"$type":"Sensus.Shared.Probes.User.MicrosoftBand.MicrosoftBandGyroscopeDatum, Sensus.Android","AngularX":0.82317078113555908,"AngularY":-0.45731708407402039,"AngularZ":-0.030487805604934692,"Id":"660b40c3-0039-4ed1-96a0-c64b8629a0fb","DeviceId":"e009d040232a2b50","Timestamp":"2016-10-20T18:25:40.776155+00:00","ProtocolId":"df463a57-fd92-4d66-b6ca-683dfa1c2cb4","Anonymized":true},
{"$type":"Sensus.Shared.Probes.User.MicrosoftBand.MicrosoftBandGyroscopeDatum, Sensus.Android","AngularX":0.70121955871582031,"AngularY":-0.42682927846908569,"AngularZ":0.030487805604934692,"Id":"62209a0f-e005-402f-860b-71ba09352528","DeviceId":"e009d040232a2b50","Timestamp":"2016-10-20T18:25:41.779965+00:00","ProtocolId":"df463a57-fd92-4d66-b6ca-683dfa1c2cb4","Anonymized":true},
{"$type":"Sensus.Shared.Probes.User.MicrosoftBand.MicrosoftBandGyroscopeDatum, Sensus.Android","AngularX":0.70121955871582031,"AngularY":-0.42682927846908569,"AngularZ":-0.030487805604934692,"Id":"cd4b0434-e924-4a87-84f7-7763bb184a02","DeviceId":"e009d040232a2b50","Timestamp":"2016-10-20T18:25:42.816334+00:00","ProtocolId":"df463a57-fd92-4d66-b6ca-683dfa1c2cb4","Anonymized":true},
{"$type":"Sensus.Shared.Probes.User.MicrosoftBand.MicrosoftBandGyroscopeDatum, Sensus.Android","AngularX":0.73170733451843262,"AngularY":-0.396341472864151,"AngularZ":-0.091463416814804077,"Id":"689a199b-c693-4871-a04a-26543981c132","DeviceId":"e009d040232a2b50","Timestamp":"2016-10-20T18:25:43.87053+00:00","ProtocolId":"df463a57-fd92-4d66-b6ca-683dfa1c2cb4","Anonymized":true},
{"$type":"Sensus.Shared.Probes.User.MicrosoftBand.MicrosoftBandGyroscopeDatum, Sensus.Android","AngularX":0.64024388790130615,"AngularY":-0.45731708407402039,"AngularZ":-0.18292683362960815,"Id":"67d79c3b-8966-4789-b6cd-a919b527b50a","DeviceId":"e009d040232a2b50","Timestamp":"2016-10-20T18:25:44.911277+00:00","ProtocolId":"df463a57-fd92-4d66-b6ca-683dfa1c2cb4","Anonymized":true},
{"$type":"Sensus.Shared.Probes.User.MicrosoftBand.MicrosoftBandGyroscopeDatum, Sensus.Android","AngularX":0.67073172330856323,"AngularY":-0.42682927846908569,"AngularZ":-0.060975611209869385,"Id":"c0faa204-221d-4a4d-8aff-c2800c7ad1a7","DeviceId":"e009d040232a2b50","Timestamp":"2016-10-20T18:25:45.918397+00:00","ProtocolId":"df463a57-fd92-4d66-b6ca-683dfa1c2cb4","Anonymized":true},
{"$type":"Sensus.Shared.Probes.User.MicrosoftBand.MicrosoftBandGyroscopeDatum, Sensus.Android","AngularX":0.60975611209869385,"AngularY":-0.45731708407402039,"AngularZ":-0.091463416814804077,"Id":"6f2dc82f-c39f-47e4-a1a8-15d00e1b1ea0","DeviceId":"e009d040232a2b50","Timestamp":"2016-10-20T18:25:46.922826+00:00","ProtocolId":"df463a57-fd92-4d66-b6ca-683dfa1c2cb4","Anonymized":true},
{"$type":"Sensus.Shared.Probes.User.MicrosoftBand.MicrosoftBandGyroscopeDatum, Sensus.Android","AngularX":0.76219511032104492,"AngularY":-0.42682927846908569,"AngularZ":-0.060975611209869385,"Id":"78f6e044-01c5-4d63-8d46-ea58dac429cc","DeviceId":"e009d040232a2b50","Timestamp":"2016-10-20T18:25:47.964897+00:00","ProtocolId":"df463a57-fd92-4d66-b6ca-683dfa1c2cb4","Anonymized":true},
{"$type":"Sensus.Shared.Probes.User.MicrosoftBand.MicrosoftBandGyroscopeDatum, Sensus.Android","AngularX":0.64024388790130615,"AngularY":-0.45731708407402039,"AngularZ":-0.030487805604934692,"Id":"e42431a7-77b6-4a17-af34-a454e88c5408","DeviceId":"e009d040232a2b50","Timestamp":"2016-10-20T18:25:48.968428+00:00","ProtocolId":"df463a57-fd92-4d66-b6ca-683dfa1c2cb4","Anonymized":true},
{"$type":"Sensus.Shared.Probes.User.MicrosoftBand.MicrosoftBandGyroscopeDatum, Sensus.Android","AngularX":0.73170733451843262,"AngularY":-0.48780488967895508,"AngularZ":-0.030487805604934692,"Id":"7e6ce39b-643a-40f1-acb9-9e079c17ff01","DeviceId":"e009d040232a2b50","Timestamp":"2016-10-20T18:25:49.972117+00:00","ProtocolId":"df463a57-fd92-4d66-b6ca-683dfa1c2cb4","Anonymized":true},
{"$type":"Sensus.Shared.Probes.User.MicrosoftBand.MicrosoftBandGyroscopeDatum, Sensus.Android","AngularX":0.70121955871582031,"AngularY":-0.42682927846908569,"AngularZ":-0.091463416814804077,"Id":"fc164405-71d3-4864-b693-8aa073db0579","DeviceId":"e009d040232a2b50","Timestamp":"2016-10-20T18:25:50.975408+00:00","ProtocolId":"df463a57-fd92-4d66-b6ca-683dfa1c2cb4","Anonymized":true},
{"$type":"Sensus.Shared.Probes.User.MicrosoftBand.MicrosoftBandGyroscopeDatum, Sensus.Android","AngularX":0.76219511032104492,"AngularY":-0.45731708407402039,"AngularZ":-0.030487805604934692,"Id":"789b2641-3131-4f47-afc1-b1d2fbb22c5a","DeviceId":"e009d040232a2b50","Timestamp":"2016-10-20T18:25:52.079057+00:00","ProtocolId":"df463a57-fd92-4d66-b6ca-683dfa1c2cb4","Anonymized":true},
{"$type":"Sensus.Shared.Probes.User.MicrosoftBand.MicrosoftBandGyroscopeDatum, Sensus.Android","AngularX":0.67073172330856323,"AngularY":-0.42682927846908569,"AngularZ":-0.060975611209869385,"Id":"4ee75db4-7eb3-4d74-ac76-5ad2674ebffe","DeviceId":"e009d040232a2b50","Timestamp":"2016-10-20T18:25:53.092455+00:00","ProtocolId":"df463a57-fd92-4d66-b6ca-683dfa1c2cb4","Anonymized":true},
{"$type":"Sensus.Shared.Probes.User.MicrosoftBand.MicrosoftBandGyroscopeDatum, Sensus.Android","AngularX":0.73170733451843262,"AngularY":-0.45731708407402039,"AngularZ":0.030487805604934692,"Id":"1604b8ac-5cd8-4e2b-a4ff-7b6c1694617a","DeviceId":"e009d040232a2b50","Timestamp":"2016-10-20T18:25:54.095564+00:00","ProtocolId":"df463a57-fd92-4d66-b6ca-683dfa1c2cb4","Anonymized":true},
{"$type":"Sensus.Shared.Probes.User.MicrosoftBand.MicrosoftBandGyroscopeDatum, Sensus.Android","AngularX":0.60975611209869385,"AngularY":-0.51829266548156738,"AngularZ":0.060975611209869385,"Id":"438a601d-8966-4f44-9b90-02ea4b98d6b4","DeviceId":"e009d040232a2b50","Timestamp":"2016-10-20T18:25:55.128976+00:00","ProtocolId":"df463a57-fd92-4d66-b6ca-683dfa1c2cb4","Anonymized":true},
{"$type":"Sensus.Shared.Probes.User.MicrosoftBand.MicrosoftBandGyroscopeDatum, Sensus.Android","AngularX":0.70121955871582031,"AngularY":-0.45731708407402039,"AngularZ":-0.030487805604934692,"Id":"c6333f4a-f5fc-42ca-9610-d870a158823f","DeviceId":"e009d040232a2b50","Timestamp":"2016-10-20T18:25:56.169313+00:00","ProtocolId":"df463a57-fd92-4d66-b6ca-683dfa1c2cb4","Anonymized":true},
{"$type":"Sensus.Shared.Probes.User.MicrosoftBand.MicrosoftBandGyroscopeDatum, Sensus.Android","AngularX":0.67073172330856323,"AngularY":-0.396341472864151,"AngularZ":0.0,"Id":"950d508d-a8e5-4a01-bfa1-7e352d82bb84","DeviceId":"e009d040232a2b50","Timestamp":"2016-10-20T18:25:57.217174+00:00","ProtocolId":"df463a57-fd92-4d66-b6ca-683dfa1c2cb4","Anonymized":true},
{"$type":"Sensus.Shared.Probes.User.MicrosoftBand.MicrosoftBandGyroscopeDatum, Sensus.Android","AngularX":0.64024388790130615,"AngularY":-0.396341472864151,"AngularZ":-0.060975611209869385,"Id":"00e73841-3e3d-44e7-b22a-1d14d200772d","DeviceId":"e009d040232a2b50","Timestamp":"2016-10-20T18:25:58.218687+00:00","ProtocolId":"df463a57-fd92-4d66-b6ca-683dfa1c2cb4","Anonymized":true},
{"$type":"Sensus.Shared.Probes.User.MicrosoftBand.MicrosoftBandGyroscopeDatum, Sensus.Android","AngularX":0.70121955871582031,"AngularY":-0.48780488967895508,"AngularZ":-0.091463416814804077,"Id":"6d31143c-72a2-4735-98e7-98f5bdb432cf","DeviceId":"e009d040232a2b50","Timestamp":"2016-10-20T18:25:59.239956+00:00","ProtocolId":"df463a57-fd92-4d66-b6ca-683dfa1c2cb4","Anonymized":true},
{"$type":"Sensus.Shared.Probes.User.MicrosoftBand.MicrosoftBandGyroscopeDatum, Sensus.Android","AngularX":0.60975611209869385,"AngularY":-0.42682927846908569,"AngularZ":-0.091463416814804077,"Id":"b66905d0-e3ac-4bf6-b86a-f4ca008262ca","DeviceId":"e009d040232a2b50","Timestamp":"2016-10-20T18:26:00.271727+00:00","ProtocolId":"df463a57-fd92-4d66-b6ca-683dfa1c2cb4","Anonymized":true},
{"$type":"Sensus.Shared.Probes.User.MicrosoftBand.MicrosoftBandGyroscopeDatum, Sensus.Android","AngularX":0.64024388790130615,"AngularY":-0.396341472864151,"AngularZ":-0.12195122241973877,"Id":"5a53eca1-bf8c-48a0-8d87-1aec5526493d","DeviceId":"e009d040232a2b50","Timestamp":"2016-10-20T18:26:01.311359+00:00","ProtocolId":"df463a57-fd92-4d66-b6ca-683dfa1c2cb4","Anonymized":true},
{"$type":"Sensus.Shared.Probes.User.MicrosoftBand.MicrosoftBandGyroscopeDatum, Sensus.Android","AngularX":0.60975611209869385,"AngularY":-0.396341472864151,"AngularZ":-0.060975611209869385,"Id":"ac0d19a7-2b8a-47e8-9b67-3195dcb88a2a","DeviceId":"e009d040232a2b50","Timestamp":"2016-10-20T18:26:02.317447+00:00","ProtocolId":"df463a57-fd92-4d66-b6ca-683dfa1c2cb4","Anonymized":true},
{"$type":"Sensus.Shared.Probes.User.MicrosoftBand.MicrosoftBandGyroscopeDatum, Sensus.Android","AngularX":0.64024388790130615,"AngularY":-0.396341472864151,"AngularZ":0.030487805604934692,"Id":"45977ce7-e992-4efa-8dc7-d16786e9211b","DeviceId":"e009d040232a2b50","Timestamp":"2016-10-20T18:26:03.453822+00:00","ProtocolId":"df463a57-fd92-4d66-b6ca-683dfa1c2cb4","Anonymized":true},
{"$type":"Sensus.Shared.Probes.User.MicrosoftBand.MicrosoftBandGyroscopeDatum, Sensus.Android","AngularX":0.67073172330856323,"AngularY":-0.396341472864151,"AngularZ":-0.030487805604934692,"Id":"31da82c9-4afd-4525-ac31-019cf43443f5","DeviceId":"e009d040232a2b50","Timestamp":"2016-10-20T18:26:04.461522+00:00","ProtocolId":"df463a57-fd92-4d66-b6ca-683dfa1c2cb4","Anonymized":true},
{"$type":"Sensus.Shared.Probes.User.MicrosoftBand.MicrosoftBandGyroscopeDatum, Sensus.Android","AngularX":0.73170733451843262,"AngularY":-0.42682927846908569,"AngularZ":-0.060975611209869385,"Id":"b6ab3725-b6b9-428e-abf6-b89f9ddf1dfc","DeviceId":"e009d040232a2b50","Timestamp":"2016-10-20T18:26:05.493683+00:00","ProtocolId":"df463a57-fd92-4d66-b6ca-683dfa1c2cb4","Anonymized":true},
{"$type":"Sensus.Shared.Probes.User.MicrosoftBand.MicrosoftBandGyroscopeDatum, Sensus.Android","AngularX":0.60975611209869385,"AngularY":-0.42682927846908569,"AngularZ":-0.091463416814804077,"Id":"f2a614bd-7e40-4fa2-b2ba-74fb2baa4bfc","DeviceId":"e009d040232a2b50","Timestamp":"2016-10-20T18:26:06.545254+00:00","ProtocolId":"df463a57-fd92-4d66-b6ca-683dfa1c2cb4","Anonymized":true},
{"$type":"Sensus.Shared.Probes.User.MicrosoftBand.MicrosoftBandGyroscopeDatum, Sensus.Android","AngularX":0.67073172330856323,"AngularY":-0.33536586165428162,"AngularZ":-0.030487805604934692,"Id":"c813b478-022b-4a07-a606-b581dc24adef","DeviceId":"e009d040232a2b50","Timestamp":"2016-10-20T18:26:07.58321+00:00","ProtocolId":"df463a57-fd92-4d66-b6ca-683dfa1c2cb4","Anonymized":true},
{"$type":"Sensus.Shared.Probes.User.MicrosoftBand.MicrosoftBandGyroscopeDatum, Sensus.Android","AngularX":0.60975611209869385,"AngularY":-0.48780488967895508,"AngularZ":-0.060975611209869385,"Id":"fd362e66-f243-4f0e-b369-ac84931e3954","DeviceId":"e009d040232a2b50","Timestamp":"2016-10-20T18:26:08.585906+00:00","ProtocolId":"df463a57-fd92-4d66-b6ca-683dfa1c2cb4","Anonymized":true},
{"$type":"Sensus.Shared.Probes.User.MicrosoftBand.MicrosoftBandGyroscopeDatum, Sensus.Android","AngularX":0.60975611209869385,"AngularY":-0.396341472864151,"AngularZ":-0.030487805604934692,"Id":"80a84989-025f-4864-91cf-9e4db683d74f","DeviceId":"e009d040232a2b50","Timestamp":"2016-10-20T18:26:09.59614+00:00","ProtocolId":"df463a57-fd92-4d66-b6ca-683dfa1c2cb4","Anonymized":true},
{"$type":"Sensus.Shared.Probes.User.MicrosoftBand.MicrosoftBandGyroscopeDatum, Sensus.Android","AngularX":0.73170733451843262,"AngularY":-0.42682927846908569,"AngularZ":0.0,"Id":"0f0ba07e-7900-4621-8ce6-6cc52d16dfac","DeviceId":"e009d040232a2b50","Timestamp":"2016-10-20T18:26:10.60377+00:00","ProtocolId":"df463a57-fd92-4d66-b6ca-683dfa1c2cb4","Anonymized":true},
{"$type":"Sensus.Shared.Probes.User.MicrosoftBand.MicrosoftBandGyroscopeDatum, Sensus.Android","AngularX":0.60975611209869385,"AngularY":-0.396341472864151,"AngularZ":0.0,"Id":"db766ec7-6882-4dfa-ae8c-b70582365edc","DeviceId":"e009d040232a2b50","Timestamp":"2016-10-20T18:26:15.709444+00:00","ProtocolId":"df463a57-fd92-4d66-b6ca-683dfa1c2cb4","Anonymized":true},
{"$type":"Sensus.Shared.Probes.User.MicrosoftBand.MicrosoftBandGyroscopeDatum, Sensus.Android","AngularX":0.64024388790130615,"AngularY":-0.42682927846908569,"AngularZ":-0.030487805604934692,"Id":"83f5ca2d-70eb-4964-afaa-15e0f4ae462d","DeviceId":"e009d040232a2b50","Timestamp":"2016-10-20T18:26:14.674292+00:00","ProtocolId":"df463a57-fd92-4d66-b6ca-683dfa1c2cb4","Anonymized":true},
{"$type":"Sensus.Shared.Probes.User.MicrosoftBand.MicrosoftBandGyroscopeDatum, Sensus.Android","AngularX":0.70121955871582031,"AngularY":-0.396341472864151,"AngularZ":-0.060975611209869385,"Id":"bfafcc8d-91a5-4eb6-8f50-3f6e7cd3ab73","DeviceId":"e009d040232a2b50","Timestamp":"2016-10-20T18:26:13.632084+00:00","ProtocolId":"df463a57-fd92-4d66-b6ca-683dfa1c2cb4","Anonymized":true},
{"$type":"Sensus.Shared.Probes.User.MicrosoftBand.MicrosoftBandGyroscopeDatum, Sensus.Android","AngularX":0.70121955871582031,"AngularY":-0.42682927846908569,"AngularZ":-0.091463416814804077,"Id":"d05f39c8-00ec-48c4-b5a5-89b1121b610b","DeviceId":"e009d040232a2b50","Timestamp":"2016-10-20T18:26:12.619799+00:00","ProtocolId":"df463a57-fd92-4d66-b6ca-683dfa1c2cb4","Anonymized":true},
{"$type":"Sensus.Shared.Probes.User.MicrosoftBand.MicrosoftBandGyroscopeDatum, Sensus.Android","AngularX":0.67073172330856323,"AngularY":-0.45731708407402039,"AngularZ":-0.060975611209869385,"Id":"3029b7e4-cf89-46bd-be36-5c3cd0b5b9f5","DeviceId":"e009d040232a2b50","Timestamp":"2016-10-20T18:26:11.613897+00:00","ProtocolId":"df463a57-fd92-4d66-b6ca-683dfa1c2cb4","Anonymized":true},
{"$type":"Sensus.Shared.Probes.User.MicrosoftBand.MicrosoftBandGyroscopeDatum, Sensus.Android","AngularX":0.70121955871582031,"AngularY":-0.45731708407402039,"AngularZ":0.0,"Id":"0d38c565-0907-40fe-86aa-c37c3d85ab09","DeviceId":"e009d040232a2b50","Timestamp":"2016-10-20T18:26:16.716499+00:00","ProtocolId":"df463a57-fd92-4d66-b6ca-683dfa1c2cb4","Anonymized":true},
{"$type":"Sensus.Shared.Probes.User.MicrosoftBand.MicrosoftBandGyroscopeDatum, Sensus.Android","AngularX":0.64024388790130615,"AngularY":-0.42682927846908569,"AngularZ":-0.060975611209869385,"Id":"f7dd6fe3-511e-4b92-bb9b-d59bd5999ab7","DeviceId":"e009d040232a2b50","Timestamp":"2016-10-20T18:26:17.719898+00:00","ProtocolId":"df463a57-fd92-4d66-b6ca-683dfa1c2cb4","Anonymized":true},
{"$type":"Sensus.Shared.Probes.User.MicrosoftBand.MicrosoftBandGyroscopeDatum, Sensus.Android","AngularX":0.73170733451843262,"AngularY":-0.45731708407402039,"AngularZ":-0.060975611209869385,"Id":"8abcb73b-cc1a-4099-9bd2-94814dab7589","DeviceId":"e009d040232a2b50","Timestamp":"2016-10-20T18:26:18.720326+00:00","ProtocolId":"df463a57-fd92-4d66-b6ca-683dfa1c2cb4","Anonymized":true},
{"$type":"Sensus.Shared.Probes.User.MicrosoftBand.MicrosoftBandGyroscopeDatum, Sensus.Android","AngularX":0.73170733451843262,"AngularY":-0.42682927846908569,"AngularZ":-0.060975611209869385,"Id":"2025e23e-1d22-41d3-b0d0-95e0b32bb52a","DeviceId":"e009d040232a2b50","Timestamp":"2016-10-20T18:26:19.736484+00:00","ProtocolId":"df463a57-fd92-4d66-b6ca-683dfa1c2cb4","Anonymized":true},
{"$type":"Sensus.Shared.Probes.User.MicrosoftBand.MicrosoftBandGyroscopeDatum, Sensus.Android","AngularX":0.73170733451843262,"AngularY":-0.396341472864151,"AngularZ":-0.091463416814804077,"Id":"88f55b87-3c33-4d59-83cd-0a14f8cec2b2","DeviceId":"e009d040232a2b50","Timestamp":"2016-10-20T18:26:20.780432+00:00","ProtocolId":"df463a57-fd92-4d66-b6ca-683dfa1c2cb4","Anonymized":true},
{"$type":"Sensus.Shared.Probes.User.MicrosoftBand.MicrosoftBandGyroscopeDatum, Sensus.Android","AngularX":0.64024388790130615,"AngularY":-0.396341472864151,"AngularZ":-0.091463416814804077,"Id":"e214dc79-e6b8-4e47-8fd1-9bdce696098c","DeviceId":"e009d040232a2b50","Timestamp":"2016-10-20T18:26:21.781452+00:00","ProtocolId":"df463a57-fd92-4d66-b6ca-683dfa1c2cb4","Anonymized":true},
{"$type":"Sensus.Shared.Probes.User.MicrosoftBand.MicrosoftBandGyroscopeDatum, Sensus.Android","AngularX":0.70121955871582031,"AngularY":-0.42682927846908569,"AngularZ":-0.060975611209869385,"Id":"23fb7493-17d9-439c-907a-66092e6fab50","DeviceId":"e009d040232a2b50","Timestamp":"2016-10-20T18:26:22.785296+00:00","ProtocolId":"df463a57-fd92-4d66-b6ca-683dfa1c2cb4","Anonymized":true},
{"$type":"Sensus.Shared.Probes.User.MicrosoftBand.MicrosoftBandGyroscopeDatum, Sensus.Android","AngularX":0.73170733451843262,"AngularY":-0.45731708407402039,"AngularZ":-0.12195122241973877,"Id":"79ca8fd2-b27d-4dde-8501-0b323fd68a45","DeviceId":"e009d040232a2b50","Timestamp":"2016-10-20T18:26:23.842106+00:00","ProtocolId":"df463a57-fd92-4d66-b6ca-683dfa1c2cb4","Anonymized":true},
{"$type":"Sensus.Shared.Probes.User.MicrosoftBand.MicrosoftBandGyroscopeDatum, Sensus.Android","AngularX":0.70121955871582031,"AngularY":-0.45731708407402039,"AngularZ":-0.091463416814804077,"Id":"584d7e33-3f88-41ac-a8ab-38248ebe6a1b","DeviceId":"e009d040232a2b50","Timestamp":"2016-10-20T18:26:24.848087+00:00","ProtocolId":"df463a57-fd92-4d66-b6ca-683dfa1c2cb4","Anonymized":true},
{"$type":"Sensus.Shared.Probes.User.MicrosoftBand.MicrosoftBandGyroscopeDatum, Sensus.Android","AngularX":41.890243530273438,"AngularY":9.29878044128418,"AngularZ":4.5731706619262695,"Id":"8beccbb3-c911-4033-9a6c-850719983177","DeviceId":"e009d040232a2b50","Timestamp":"2016-10-19T21:13:12.232057+00:00","ProtocolId":"df463a57-fd92-4d66-b6ca-683dfa1c2cb4","Anonymized":true},
{"$type":"Sensus.Shared.Probes.User.MicrosoftBand.MicrosoftBandGyroscopeDatum, Sensus.Android","AngularX":23.780488967895508,"AngularY":-26.89024543762207,"AngularZ":14.878048896789551,"Id":"983bfdb9-94c9-4aaf-9f5e-4ea974388623","DeviceId":"e009d040232a2b50","Timestamp":"2016-10-19T21:13:13.234206+00:00","ProtocolId":"df463a57-fd92-4d66-b6ca-683dfa1c2cb4","Anonymized":true},
{"$type":"Sensus.Shared.Probes.User.MicrosoftBand.MicrosoftBandGyroscopeDatum, Sensus.Android","AngularX":-67.5,"AngularY":12.835366249084473,"AngularZ":-16.768293380737305,"Id":"9f327450-463b-4e08-912f-ecff29c08ff1","DeviceId":"e009d040232a2b50","Timestamp":"2016-10-19T21:13:14.270079+00:00","ProtocolId":"df463a57-fd92-4d66-b6ca-683dfa1c2cb4","Anonymized":true},
{"$type":"Sensus.Shared.Probes.User.MicrosoftBand.MicrosoftBandGyroscopeDatum, Sensus.Android","AngularX":5.945122241973877,"AngularY":16.128049850463867,"AngularZ":-5.1219511032104492,"Id":"0fe4d618-4973-4a1e-9023-4eb554c36fa9","DeviceId":"e009d040232a2b50","Timestamp":"2016-10-19T21:13:15.297247+00:00","ProtocolId":"df463a57-fd92-4d66-b6ca-683dfa1c2cb4","Anonymized":true},
{"$type":"Sensus.Shared.Probes.User.MicrosoftBand.MicrosoftBandGyroscopeDatum, Sensus.Android","AngularX":-14.054878234863281,"AngularY":2.9573171138763428,"AngularZ":0.45731708407402039,"Id":"481111d0-d9d8-4d5a-adcd-7424a8040574","DeviceId":"e009d040232a2b50","Timestamp":"2016-10-19T21:13:16.30261+00:00","ProtocolId":"df463a57-fd92-4d66-b6ca-683dfa1c2cb4","Anonymized":true},
{"$type":"Sensus.Shared.Probes.User.MicrosoftBand.MicrosoftBandGyroscopeDatum, Sensus.Android","AngularX":6.1585369110107422,"AngularY":1.6768293380737305,"AngularZ":0.57926833629608154,"Id":"a85de89c-5110-4174-9fd6-3865ed5d48d7","DeviceId":"e009d040232a2b50","Timestamp":"2016-10-19T21:13:17.311965+00:00","ProtocolId":"df463a57-fd92-4d66-b6ca-683dfa1c2cb4","Anonymized":true},
{"$type":"Sensus.Shared.Probes.User.MicrosoftBand.MicrosoftBandGyroscopeDatum, Sensus.Android","AngularX":-0.060975611209869385,"AngularY":-2.1951220035552979,"AngularZ":0.73170733451843262,"Id":"0e745f31-1a13-4780-af86-34193570bd01","DeviceId":"e009d040232a2b50","Timestamp":"2016-10-19T21:13:18.347834+00:00","ProtocolId":"df463a57-fd92-4d66-b6ca-683dfa1c2cb4","Anonymized":true},
{"$type":"Sensus.Shared.Probes.User.MicrosoftBand.MicrosoftBandGyroscopeDatum, Sensus.Android","AngularX":-0.88414633274078369,"AngularY":-0.51829266548156738,"AngularZ":-0.060975611209869385,"Id":"bb79685b-36b3-400b-80b1-fbacb05ab598","DeviceId":"e009d040232a2b50","Timestamp":"2016-10-19T21:13:19.348503+00:00","ProtocolId":"df463a57-fd92-4d66-b6ca-683dfa1c2cb4","Anonymized":true},
{"$type":"Sensus.Shared.Probes.User.MicrosoftBand.MicrosoftBandGyroscopeDatum, Sensus.Android","AngularX":2.77439022064209,"AngularY":-1.25,"AngularZ":-0.60975611209869385,"Id":"bc15ffc1-f335-4b47-a781-bf9e4b96e302","DeviceId":"e009d040232a2b50","Timestamp":"2016-10-19T21:13:20.392301+00:00","ProtocolId":"df463a57-fd92-4d66-b6ca-683dfa1c2cb4","Anonymized":true},
{"$type":"Sensus.Shared.Probes.User.MicrosoftBand.MicrosoftBandGyroscopeDatum, Sensus.Android","AngularX":0.64024388790130615,"AngularY":-0.42682927846908569,"AngularZ":-0.060975611209869385,"Id":"fba2b6c4-2b00-45c5-a313-6d9780d1ed75","DeviceId":"e009d040232a2b50","Timestamp":"2016-10-20T18:26:25.855659+00:00","ProtocolId":"df463a57-fd92-4d66-b6ca-683dfa1c2cb4","Anonymized":true},
{"$type":"Sensus.Shared.Probes.User.MicrosoftBand.MicrosoftBandGyroscopeDatum, Sensus.Android","AngularX":0.67073172330856323,"AngularY":-0.396341472864151,"AngularZ":-0.060975611209869385,"Id":"36e830de-ee61-4803-bc97-f248d8ac093d","DeviceId":"e009d040232a2b50","Timestamp":"2016-10-20T18:26:26.885768+00:00","ProtocolId":"df463a57-fd92-4d66-b6ca-683dfa1c2cb4","Anonymized":true},
{"$type":"Sensus.Shared.Probes.User.MicrosoftBand.MicrosoftBandGyroscopeDatum, Sensus.Android","AngularX":0.64024388790130615,"AngularY":-0.396341472864151,"AngularZ":-0.030487805604934692,"Id":"94d4b732-55b0-47bf-b6bf-105a9569557a","DeviceId":"e009d040232a2b50","Timestamp":"2016-10-20T18:26:27.889874+00:00","ProtocolId":"df463a57-fd92-4d66-b6ca-683dfa1c2cb4","Anonymized":true},
{"$type":"Sensus.Shared.Probes.User.MicrosoftBand.MicrosoftBandGyroscopeDatum, Sensus.Android","AngularX":0.67073172330856323,"AngularY":-0.45731708407402039,"AngularZ":-0.030487805604934692,"Id":"abc06d3c-610c-49f3-b11d-7f40af5b62d5","DeviceId":"e009d040232a2b50","Timestamp":"2016-10-20T18:26:28.916402+00:00","ProtocolId":"df463a57-fd92-4d66-b6ca-683dfa1c2cb4","Anonymized":true},
{"$type":"Sensus.Shared.Probes.User.MicrosoftBand.MicrosoftBandGyroscopeDatum, Sensus.Android","AngularX":0.67073172330856323,"AngularY":-0.45731708407402039,"AngularZ":-0.060975611209869385,"Id":"60f70321-69d1-4a90-9a64-9ac55701ed7d","DeviceId":"e009d040232a2b50","Timestamp":"2016-10-20T18:26:29.952963+00:00","ProtocolId":"df463a57-fd92-4d66-b6ca-683dfa1c2cb4","Anonymized":true},
{"$type":"Sensus.Shared.Probes.User.MicrosoftBand.MicrosoftBandGyroscopeDatum, Sensus.Android","AngularX":0.64024388790130615,"AngularY":-0.396341472864151,"AngularZ":-0.030487805604934692,"Id":"6d908e34-f330-47c0-811c-5ac302b2e028","DeviceId":"e009d040232a2b50","Timestamp":"2016-10-20T18:26:30.960439+00:00","ProtocolId":"df463a57-fd92-4d66-b6ca-683dfa1c2cb4","Anonymized":true},
{"$type":"Sensus.Shared.Probes.User.MicrosoftBand.MicrosoftBandGyroscopeDatum, Sensus.Android","AngularX":0.64024388790130615,"AngularY":-0.42682927846908569,"AngularZ":-0.060975611209869385,"Id":"cefc171a-d4a0-47fd-9130-1ab4dc39efec","DeviceId":"e009d040232a2b50","Timestamp":"2016-10-20T18:26:31.967065+00:00","ProtocolId":"df463a57-fd92-4d66-b6ca-683dfa1c2cb4","Anonymized":true},
{"$type":"Sensus.Shared.Probes.User.MicrosoftBand.MicrosoftBandGyroscopeDatum, Sensus.Android","AngularX":0.70121955871582031,"AngularY":-0.42682927846908569,"AngularZ":-0.060975611209869385,"Id":"6a366dec-3b46-4084-940d-49614e45afcf","DeviceId":"e009d040232a2b50","Timestamp":"2016-10-20T18:26:32.970413+00:00","ProtocolId":"df463a57-fd92-4d66-b6ca-683dfa1c2cb4","Anonymized":true},
{"$type":"Sensus.Shared.Probes.User.MicrosoftBand.MicrosoftBandGyroscopeDatum, Sensus.Android","AngularX":0.67073172330856323,"AngularY":-0.42682927846908569,"AngularZ":-0.030487805604934692,"Id":"3a0aedc3-aee3-497f-9c63-0ccb09fe574a","DeviceId":"e009d040232a2b50","Timestamp":"2016-10-20T18:26:33.972302+00:00","ProtocolId":"df463a57-fd92-4d66-b6ca-683dfa1c2cb4","Anonymized":true},
{"$type":"Sensus.Shared.Probes.User.MicrosoftBand.MicrosoftBandGyroscopeDatum, Sensus.Android","AngularX":0.76219511032104492,"AngularY":-0.42682927846908569,"AngularZ":-0.060975611209869385,"Id":"af6e4121-f8d3-4a4f-b67a-f6fefb6cc7ac","DeviceId":"e009d040232a2b50","Timestamp":"2016-10-20T18:26:34.975598+00:00","ProtocolId":"df463a57-fd92-4d66-b6ca-683dfa1c2cb4","Anonymized":true},
{"$type":"Sensus.Shared.Probes.User.MicrosoftBand.MicrosoftBandGyroscopeDatum, Sensus.Android","AngularX":0.60975611209869385,"AngularY":-0.396341472864151,"AngularZ":-0.030487805604934692,"Id":"c9ea2295-c1ff-4275-a1f1-72d3ce69e834","DeviceId":"e009d040232a2b50","Timestamp":"2016-10-20T18:27:05.730991+00:00","ProtocolId":"df463a57-fd92-4d66-b6ca-683dfa1c2cb4","Anonymized":true},
{"$type":"Sensus.Shared.Probes.User.MicrosoftBand.MicrosoftBandGyroscopeDatum, Sensus.Android","AngularX":0.70121955871582031,"AngularY":-0.45731708407402039,"AngularZ":-0.060975611209869385,"Id":"7b479736-8f7e-4660-9ed6-6ffd5aa168c5","DeviceId":"e009d040232a2b50","Timestamp":"2016-10-20T18:27:04.716925+00:00","ProtocolId":"df463a57-fd92-4d66-b6ca-683dfa1c2cb4","Anonymized":true},
{"$type":"Sensus.Shared.Probes.User.MicrosoftBand.MicrosoftBandGyroscopeDatum, Sensus.Android","AngularX":0.76219511032104492,"AngularY":-0.45731708407402039,"AngularZ":0.0,"Id":"5c895f62-eab4-411c-a786-daeb645b5869","DeviceId":"e009d040232a2b50","Timestamp":"2016-10-20T18:27:03.685155+00:00","ProtocolId":"df463a57-fd92-4d66-b6ca-683dfa1c2cb4","Anonymized":true},
{"$type":"Sensus.Shared.Probes.User.MicrosoftBand.MicrosoftBandGyroscopeDatum, Sensus.Android","AngularX":0.73170733451843262,"AngularY":-0.42682927846908569,"AngularZ":0.0,"Id":"a7877277-a5de-40c3-84a3-bf15a39d4c81","DeviceId":"e009d040232a2b50","Timestamp":"2016-10-20T18:27:02.680601+00:00","ProtocolId":"df463a57-fd92-4d66-b6ca-683dfa1c2cb4","Anonymized":true},
{"$type":"Sensus.Shared.Probes.User.MicrosoftBand.MicrosoftBandGyroscopeDatum, Sensus.Android","AngularX":0.73170733451843262,"AngularY":-0.36585366725921631,"AngularZ":-0.030487805604934692,"Id":"476a6ab9-b170-4f41-8e83-f57fdbed0db1","DeviceId":"e009d040232a2b50","Timestamp":"2016-10-20T18:27:01.676714+00:00","ProtocolId":"df463a57-fd92-4d66-b6ca-683dfa1c2cb4","Anonymized":true},
{"$type":"Sensus.Shared.Probes.User.MicrosoftBand.MicrosoftBandGyroscopeDatum, Sensus.Android","AngularX":0.64024388790130615,"AngularY":-0.36585366725921631,"AngularZ":0.060975611209869385,"Id":"b69b2011-9b54-4ed6-b57d-d10230643125","DeviceId":"e009d040232a2b50","Timestamp":"2016-10-20T18:27:00.640533+00:00","ProtocolId":"df463a57-fd92-4d66-b6ca-683dfa1c2cb4","Anonymized":true},
{"$type":"Sensus.Shared.Probes.User.MicrosoftBand.MicrosoftBandGyroscopeDatum, Sensus.Android","AngularX":0.70121955871582031,"AngularY":-0.42682927846908569,"AngularZ":-0.030487805604934692,"Id":"f2ae2008-8c48-4611-9f37-a1c0edbe5311","DeviceId":"e009d040232a2b50","Timestamp":"2016-10-20T18:26:59.632712+00:00","ProtocolId":"df463a57-fd92-4d66-b6ca-683dfa1c2cb4","Anonymized":true},
{"$type":"Sensus.Shared.Probes.User.MicrosoftBand.MicrosoftBandGyroscopeDatum, Sensus.Android","AngularX":0.64024388790130615,"AngularY":-0.48780488967895508,"AngularZ":0.030487805604934692,"Id":"133aab9b-9ea9-4a2a-a824-5f3ec6bfb627","DeviceId":"e009d040232a2b50","Timestamp":"2016-10-20T18:26:58.629856+00:00","ProtocolId":"df463a57-fd92-4d66-b6ca-683dfa1c2cb4","Anonymized":true},
{"$type":"Sensus.Shared.Probes.User.MicrosoftBand.MicrosoftBandGyroscopeDatum, Sensus.Android","AngularX":0.76219511032104492,"AngularY":-0.36585366725921631,"AngularZ":-0.060975611209869385,"Id":"5f7550b5-2171-4198-89da-b55586f22a1b","DeviceId":"e009d040232a2b50","Timestamp":"2016-10-20T18:26:57.594907+00:00","ProtocolId":"df463a57-fd92-4d66-b6ca-683dfa1c2cb4","Anonymized":true},
{"$type":"Sensus.Shared.Probes.User.MicrosoftBand.MicrosoftBandGyroscopeDatum, Sensus.Android","AngularX":0.57926833629608154,"AngularY":-0.42682927846908569,"AngularZ":-0.030487805604934692,"Id":"449113de-e260-4dfa-a997-6701f3d41ab6","DeviceId":"e009d040232a2b50","Timestamp":"2016-10-20T18:26:35.994152+00:00","ProtocolId":"df463a57-fd92-4d66-b6ca-683dfa1c2cb4","Anonymized":true},
{"$type":"Sensus.Shared.Probes.User.MicrosoftBand.MicrosoftBandGyroscopeDatum, Sensus.Android","AngularX":0.64024388790130615,"AngularY":-0.45731708407402039,"AngularZ":-0.030487805604934692,"Id":"9522e68c-aec7-4590-aa1d-fdc81019b5c2","DeviceId":"e009d040232a2b50","Timestamp":"2016-10-20T18:26:36.99551+00:00","ProtocolId":"df463a57-fd92-4d66-b6ca-683dfa1c2cb4","Anonymized":true},
{"$type":"Sensus.Shared.Probes.User.MicrosoftBand.MicrosoftBandGyroscopeDatum, Sensus.Android","AngularX":0.67073172330856323,"AngularY":-0.45731708407402039,"AngularZ":-0.030487805604934692,"Id":"9b2435b7-2b36-433b-97b8-58f94ee14743","DeviceId":"e009d040232a2b50","Timestamp":"2016-10-20T18:26:37.99666+00:00","ProtocolId":"df463a57-fd92-4d66-b6ca-683dfa1c2cb4","Anonymized":true},
{"$type":"Sensus.Shared.Probes.User.MicrosoftBand.MicrosoftBandGyroscopeDatum, Sensus.Android","AngularX":0.70121955871582031,"AngularY":-0.51829266548156738,"AngularZ":-0.030487805604934692,"Id":"f504b57f-2749-4933-82a2-d94b2aff189a","DeviceId":"e009d040232a2b50","Timestamp":"2016-10-20T18:26:39.060252+00:00","ProtocolId":"df463a57-fd92-4d66-b6ca-683dfa1c2cb4","Anonymized":true},
{"$type":"Sensus.Shared.Probes.User.MicrosoftBand.MicrosoftBandGyroscopeDatum, Sensus.Android","AngularX":0.70121955871582031,"AngularY":-0.396341472864151,"AngularZ":-0.030487805604934692,"Id":"c054ca02-fcfb-4be7-9c72-06f4f7360281","DeviceId":"e009d040232a2b50","Timestamp":"2016-10-20T18:26:40.072479+00:00","ProtocolId":"df463a57-fd92-4d66-b6ca-683dfa1c2cb4","Anonymized":true},
{"$type":"Sensus.Shared.Probes.User.MicrosoftBand.MicrosoftBandGyroscopeDatum, Sensus.Android","AngularX":0.64024388790130615,"AngularY":-0.36585366725921631,"AngularZ":-0.091463416814804077,"Id":"c7f1fe5d-110e-446a-ba8b-16360d5514b0","DeviceId":"e009d040232a2b50","Timestamp":"2016-10-20T18:26:41.09878+00:00","ProtocolId":"df463a57-fd92-4d66-b6ca-683dfa1c2cb4","Anonymized":true},
{"$type":"Sensus.Shared.Probes.User.MicrosoftBand.MicrosoftBandGyroscopeDatum, Sensus.Android","AngularX":0.76219511032104492,"AngularY":-0.396341472864151,"AngularZ":-0.091463416814804077,"Id":"23e1a6ed-a59a-4681-8124-4371a1ad7902","DeviceId":"e009d040232a2b50","Timestamp":"2016-10-20T18:26:42.121054+00:00","ProtocolId":"df463a57-fd92-4d66-b6ca-683dfa1c2cb4","Anonymized":true},
{"$type":"Sensus.Shared.Probes.User.MicrosoftBand.MicrosoftBandGyroscopeDatum, Sensus.Android","AngularX":0.67073172330856323,"AngularY":-0.42682927846908569,"AngularZ":0.0,"Id":"ddd75823-689a-415c-b2cf-617effd3ded0","DeviceId":"e009d040232a2b50","Timestamp":"2016-10-20T18:26:43.169209+00:00","ProtocolId":"df463a57-fd92-4d66-b6ca-683dfa1c2cb4","Anonymized":true},
{"$type":"Sensus.Shared.Probes.User.MicrosoftBand.MicrosoftBandGyroscopeDatum, Sensus.Android","AngularX":0.70121955871582031,"AngularY":-0.42682927846908569,"AngularZ":-0.060975611209869385,"Id":"b23b9881-6339-485b-afdc-5287e769957c","DeviceId":"e009d040232a2b50","Timestamp":"2016-10-20T18:26:44.17181+00:00","ProtocolId":"df463a57-fd92-4d66-b6ca-683dfa1c2cb4","Anonymized":true},
{"$type":"Sensus.Shared.Probes.User.MicrosoftBand.MicrosoftBandGyroscopeDatum, Sensus.Android","AngularX":0.67073172330856323,"AngularY":-0.48780488967895508,"AngularZ":-0.030487805604934692,"Id":"c1e38434-c4a8-4cf8-8a34-6335d04adeeb","DeviceId":"e009d040232a2b50","Timestamp":"2016-10-20T18:26:45.17488+00:00","ProtocolId":"df463a57-fd92-4d66-b6ca-683dfa1c2cb4","Anonymized":true},
{"$type":"Sensus.Shared.Probes.User.MicrosoftBand.MicrosoftBandGyroscopeDatum, Sensus.Android","AngularX":0.64024388790130615,"AngularY":-0.396341472864151,"AngularZ":-0.030487805604934692,"Id":"35d72c28-26d0-46b9-8aa8-8542930216dc","DeviceId":"e009d040232a2b50","Timestamp":"2016-10-20T18:26:46.187576+00:00","ProtocolId":"df463a57-fd92-4d66-b6ca-683dfa1c2cb4","Anonymized":true},
{"$type":"Sensus.Shared.Probes.User.MicrosoftBand.MicrosoftBandGyroscopeDatum, Sensus.Android","AngularX":0.73170733451843262,"AngularY":-0.396341472864151,"AngularZ":-0.030487805604934692,"Id":"9cfc1655-a87a-48eb-8e45-ef6dfa2f6398","DeviceId":"e009d040232a2b50","Timestamp":"2016-10-20T18:26:47.210336+00:00","ProtocolId":"df463a57-fd92-4d66-b6ca-683dfa1c2cb4","Anonymized":true},
{"$type":"Sensus.Shared.Probes.User.MicrosoftBand.MicrosoftBandGyroscopeDatum, Sensus.Android","AngularX":0.67073172330856323,"AngularY":-0.396341472864151,"AngularZ":-0.091463416814804077,"Id":"7486b129-a364-444c-a9f1-e558f50db35a","DeviceId":"e009d040232a2b50","Timestamp":"2016-10-20T18:26:48.263264+00:00","ProtocolId":"df463a57-fd92-4d66-b6ca-683dfa1c2cb4","Anonymized":true},
{"$type":"Sensus.Shared.Probes.User.MicrosoftBand.MicrosoftBandGyroscopeDatum, Sensus.Android","AngularX":0.70121955871582031,"AngularY":-0.396341472864151,"AngularZ":-0.15243902802467346,"Id":"eeff669a-2078-47d9-b9e3-380e25ee5c53","DeviceId":"e009d040232a2b50","Timestamp":"2016-10-20T18:26:49.264064+00:00","ProtocolId":"df463a57-fd92-4d66-b6ca-683dfa1c2cb4","Anonymized":true},
{"$type":"Sensus.Shared.Probes.User.MicrosoftBand.MicrosoftBandGyroscopeDatum, Sensus.Android","AngularX":0.60975611209869385,"AngularY":-0.42682927846908569,"AngularZ":-0.030487805604934692,"Id":"8a24b8e5-902a-4a86-b95a-c55510505299","DeviceId":"e009d040232a2b50","Timestamp":"2016-10-20T18:26:50.313902+00:00","ProtocolId":"df463a57-fd92-4d66-b6ca-683dfa1c2cb4","Anonymized":true},
{"$type":"Sensus.Shared.Probes.User.MicrosoftBand.MicrosoftBandGyroscopeDatum, Sensus.Android","AngularX":0.67073172330856323,"AngularY":-0.396341472864151,"AngularZ":-0.060975611209869385,"Id":"96d0c692-9ef9-45e0-abc3-44f5eab1982b","DeviceId":"e009d040232a2b50","Timestamp":"2016-10-20T18:26:51.340081+00:00","ProtocolId":"df463a57-fd92-4d66-b6ca-683dfa1c2cb4","Anonymized":true},
{"$type":"Sensus.Shared.Probes.User.MicrosoftBand.MicrosoftBandGyroscopeDatum, Sensus.Android","AngularX":0.73170733451843262,"AngularY":-0.45731708407402039,"AngularZ":0.030487805604934692,"Id":"7f57b9fe-397a-45f3-9cd7-16c047d0d654","DeviceId":"e009d040232a2b50","Timestamp":"2016-10-20T18:26:52.367348+00:00","ProtocolId":"df463a57-fd92-4d66-b6ca-683dfa1c2cb4","Anonymized":true},
{"$type":"Sensus.Shared.Probes.User.MicrosoftBand.MicrosoftBandGyroscopeDatum, Sensus.Android","AngularX":0.73170733451843262,"AngularY":-0.45731708407402039,"AngularZ":-0.030487805604934692,"Id":"a8921bdf-4135-45e2-bb32-69575c17a894","DeviceId":"e009d040232a2b50","Timestamp":"2016-10-20T18:26:53.412874+00:00","ProtocolId":"df463a57-fd92-4d66-b6ca-683dfa1c2cb4","Anonymized":true},
{"$type":"Sensus.Shared.Probes.User.MicrosoftBand.MicrosoftBandGyroscopeDatum, Sensus.Android","AngularX":0.70121955871582031,"AngularY":-0.45731708407402039,"AngularZ":-0.12195122241973877,"Id":"8b05b1bf-a9b2-45a1-9dfa-4155eef13c82","DeviceId":"e009d040232a2b50","Timestamp":"2016-10-20T18:26:54.458869+00:00","ProtocolId":"df463a57-fd92-4d66-b6ca-683dfa1c2cb4","Anonymized":true},
{"$type":"Sensus.Shared.Probes.User.MicrosoftBand.MicrosoftBandGyroscopeDatum, Sensus.Android","AngularX":0.73170733451843262,"AngularY":-0.396341472864151,"AngularZ":-0.060975611209869385,"Id":"f23bb847-c7ea-4ce0-ae6d-0b892ba64cf0","DeviceId":"e009d040232a2b50","Timestamp":"2016-10-20T18:26:55.505524+00:00","ProtocolId":"df463a57-fd92-4d66-b6ca-683dfa1c2cb4","Anonymized":true},
{"$type":"Sensus.Shared.Probes.User.MicrosoftBand.MicrosoftBandGyroscopeDatum, Sensus.Android","AngularX":0.64024388790130615,"AngularY":-0.42682927846908569,"AngularZ":-0.030487805604934692,"Id":"cafca7f9-88d7-4cff-ad7a-da86f2bbc448","DeviceId":"e009d040232a2b50","Timestamp":"2016-10-20T18:26:56.544238+00:00","ProtocolId":"df463a57-fd92-4d66-b6ca-683dfa1c2cb4","Anonymized":true},
{"$type":"Sensus.Shared.Probes.User.MicrosoftBand.MicrosoftBandGyroscopeDatum, Sensus.Android","AngularX":0.64024388790130615,"AngularY":-0.42682927846908569,"AngularZ":-0.060975611209869385,"Id":"fc6e3274-17e6-431b-b14a-f873fe0aeb15","DeviceId":"e009d040232a2b50","Timestamp":"2016-10-20T18:27:06.737187+00:00","ProtocolId":"df463a57-fd92-4d66-b6ca-683dfa1c2cb4","Anonymized":true},
{"$type":"Sensus.Shared.Probes.User.MicrosoftBand.MicrosoftBandGyroscopeDatum, Sensus.Android","AngularX":0.67073172330856323,"AngularY":-0.42682927846908569,"AngularZ":-0.091463416814804077,"Id":"e2318404-973f-42ca-865d-97f8358cf857","DeviceId":"e009d040232a2b50","Timestamp":"2016-10-20T18:27:07.781313+00:00","ProtocolId":"df463a57-fd92-4d66-b6ca-683dfa1c2cb4","Anonymized":true},
{"$type":"Sensus.Shared.Probes.User.MicrosoftBand.MicrosoftBandGyroscopeDatum, Sensus.Android","AngularX":0.54878050088882446,"AngularY":-0.36585366725921631,"AngularZ":-0.091463416814804077,"Id":"4a2ec972-67fe-413a-a69b-dbbeb004680a","DeviceId":"e009d040232a2b50","Timestamp":"2016-10-20T18:27:08.78287+00:00","ProtocolId":"df463a57-fd92-4d66-b6ca-683dfa1c2cb4","Anonymized":true},
{"$type":"Sensus.Shared.Probes.User.MicrosoftBand.MicrosoftBandGyroscopeDatum, Sensus.Android","AngularX":0.60975611209869385,"AngularY":-0.42682927846908569,"AngularZ":-0.030487805604934692,"Id":"19a4c059-2412-4d0f-9c06-7f3e142c5d17","DeviceId":"e009d040232a2b50","Timestamp":"2016-10-20T18:27:09.78795+00:00","ProtocolId":"df463a57-fd92-4d66-b6ca-683dfa1c2cb4","Anonymized":true},
{"$type":"Sensus.Shared.Probes.User.MicrosoftBand.MicrosoftBandGyroscopeDatum, Sensus.Android","AngularX":0.70121955871582031,"AngularY":-0.45731708407402039,"AngularZ":-0.12195122241973877,"Id":"5b0ced12-4069-4d09-9836-8ec8b4995bb6","DeviceId":"e009d040232a2b50","Timestamp":"2016-10-20T18:27:10.796833+00:00","ProtocolId":"df463a57-fd92-4d66-b6ca-683dfa1c2cb4","Anonymized":true},
{"$type":"Sensus.Shared.Probes.User.MicrosoftBand.MicrosoftBandGyroscopeDatum, Sensus.Android","AngularX":0.67073172330856323,"AngularY":-0.396341472864151,"AngularZ":-0.030487805604934692,"Id":"a51f0b5f-96df-4021-99ae-e8c9477f2346","DeviceId":"e009d040232a2b50","Timestamp":"2016-10-20T18:27:11.801521+00:00","ProtocolId":"df463a57-fd92-4d66-b6ca-683dfa1c2cb4","Anonymized":true},
{"$type":"Sensus.Shared.Probes.User.MicrosoftBand.MicrosoftBandGyroscopeDatum, Sensus.Android","AngularX":0.73170733451843262,"AngularY":-0.42682927846908569,"AngularZ":-0.12195122241973877,"Id":"18b1096d-4a40-40f4-820e-005ae14343ff","DeviceId":"e009d040232a2b50","Timestamp":"2016-10-20T18:27:12.805157+00:00","ProtocolId":"df463a57-fd92-4d66-b6ca-683dfa1c2cb4","Anonymized":true},
{"$type":"Sensus.Shared.Probes.User.MicrosoftBand.MicrosoftBandGyroscopeDatum, Sensus.Android","AngularX":0.64024388790130615,"AngularY":-0.396341472864151,"AngularZ":-0.030487805604934692,"Id":"0fa9ad18-4ad3-44d4-93e0-0c61a37e44d8","DeviceId":"e009d040232a2b50","Timestamp":"2016-10-20T18:27:13.842103+00:00","ProtocolId":"df463a57-fd92-4d66-b6ca-683dfa1c2cb4","Anonymized":true},
{"$type":"Sensus.Shared.Probes.User.MicrosoftBand.MicrosoftBandGyroscopeDatum, Sensus.Android","AngularX":0.64024388790130615,"AngularY":-0.45731708407402039,"AngularZ":-0.12195122241973877,"Id":"f350a2d1-a8d1-489e-985a-490b7cc89613","DeviceId":"e009d040232a2b50","Timestamp":"2016-10-20T18:27:14.844132+00:00","ProtocolId":"df463a57-fd92-4d66-b6ca-683dfa1c2cb4","Anonymized":true},
{"$type":"Sensus.Shared.Probes.User.MicrosoftBand.MicrosoftBandGyroscopeDatum, Sensus.Android","AngularX":0.76219511032104492,"AngularY":-0.42682927846908569,"AngularZ":-0.030487805604934692,"Id":"e3468604-3ef0-4a45-a9e9-dd42c99ed349","DeviceId":"e009d040232a2b50","Timestamp":"2016-10-20T18:27:15.84863+00:00","ProtocolId":"df463a57-fd92-4d66-b6ca-683dfa1c2cb4","Anonymized":true},
{"$type":"Sensus.Shared.Probes.User.MicrosoftBand.MicrosoftBandGyroscopeDatum, Sensus.Android","AngularX":0.64024388790130615,"AngularY":-0.42682927846908569,"AngularZ":0.0,"Id":"3c810569-9611-47e6-95fc-0be8e1f84046","DeviceId":"e009d040232a2b50","Timestamp":"2016-10-20T18:27:16.876204+00:00","ProtocolId":"df463a57-fd92-4d66-b6ca-683dfa1c2cb4","Anonymized":true},
{"$type":"Sensus.Shared.Probes.User.MicrosoftBand.MicrosoftBandGyroscopeDatum, Sensus.Android","AngularX":0.64024388790130615,"AngularY":-0.396341472864151,"AngularZ":-0.030487805604934692,"Id":"1b1b5750-338a-4165-9609-1ddd6ddb1281","DeviceId":"e009d040232a2b50","Timestamp":"2016-10-20T18:27:17.88399+00:00","ProtocolId":"df463a57-fd92-4d66-b6ca-683dfa1c2cb4","Anonymized":true},
{"$type":"Sensus.Shared.Probes.User.MicrosoftBand.MicrosoftBandGyroscopeDatum, Sensus.Android","AngularX":0.73170733451843262,"AngularY":-0.45731708407402039,"AngularZ":-0.060975611209869385,"Id":"ffc8a754-27ad-4439-9325-21e9e1b58f36","DeviceId":"e009d040232a2b50","Timestamp":"2016-10-20T18:27:18.8884+00:00","ProtocolId":"df463a57-fd92-4d66-b6ca-683dfa1c2cb4","Anonymized":true},
{"$type":"Sensus.Shared.Probes.User.MicrosoftBand.MicrosoftBandGyroscopeDatum, Sensus.Android","AngularX":0.73170733451843262,"AngularY":-0.45731708407402039,"AngularZ":-0.030487805604934692,"Id":"1ecc22e7-5b84-4325-8194-b10ec1f7f85b","DeviceId":"e009d040232a2b50","Timestamp":"2016-10-20T18:27:19.91494+00:00","ProtocolId":"df463a57-fd92-4d66-b6ca-683dfa1c2cb4","Anonymized":true},
{"$type":"Sensus.Shared.Probes.User.MicrosoftBand.MicrosoftBandGyroscopeDatum, Sensus.Android","AngularX":0.70121955871582031,"AngularY":-0.33536586165428162,"AngularZ":0.0,"Id":"78889727-865f-4000-baea-0f87947a77d6","DeviceId":"e009d040232a2b50","Timestamp":"2016-10-20T18:27:20.970518+00:00","ProtocolId":"df463a57-fd92-4d66-b6ca-683dfa1c2cb4","Anonymized":true},
{"$type":"Sensus.Shared.Probes.User.MicrosoftBand.MicrosoftBandGyroscopeDatum, Sensus.Android","AngularX":0.70121955871582031,"AngularY":-0.396341472864151,"AngularZ":0.030487805604934692,"Id":"1eb787c9-34a0-4cac-af39-18779e8e7ee2","DeviceId":"e009d040232a2b50","Timestamp":"2016-10-20T18:27:22.009382+00:00","ProtocolId":"df463a57-fd92-4d66-b6ca-683dfa1c2cb4","Anonymized":true},
{"$type":"Sensus.Shared.Probes.User.MicrosoftBand.MicrosoftBandGyroscopeDatum, Sensus.Android","AngularX":0.70121955871582031,"AngularY":-0.36585366725921631,"AngularZ":0.0,"Id":"64a6d31d-f8b1-4d1a-b71f-d686da8efce5","DeviceId":"e009d040232a2b50","Timestamp":"2016-10-20T18:27:23.036993+00:00","ProtocolId":"df463a57-fd92-4d66-b6ca-683dfa1c2cb4","Anonymized":true},
{"$type":"Sensus.Shared.Probes.User.MicrosoftBand.MicrosoftBandGyroscopeDatum, Sensus.Android","AngularX":0.73170733451843262,"AngularY":-0.45731708407402039,"AngularZ":0.0,"Id":"fab169ba-eb47-4bfe-9cce-a8de760e52da","DeviceId":"e009d040232a2b50","Timestamp":"2016-10-20T18:27:24.087314+00:00","ProtocolId":"df463a57-fd92-4d66-b6ca-683dfa1c2cb4","Anonymized":true},
{"$type":"Sensus.Shared.Probes.User.MicrosoftBand.MicrosoftBandGyroscopeDatum, Sensus.Android","AngularX":0.67073172330856323,"AngularY":-0.36585366725921631,"AngularZ":-0.030487805604934692,"Id":"253bf6eb-fe85-48da-a823-f3595d75bb04","DeviceId":"e009d040232a2b50","Timestamp":"2016-10-20T18:27:25.129895+00:00","ProtocolId":"df463a57-fd92-4d66-b6ca-683dfa1c2cb4","Anonymized":true},
{"$type":"Sensus.Shared.Probes.User.MicrosoftBand.MicrosoftBandGyroscopeDatum, Sensus.Android","AngularX":0.64024388790130615,"AngularY":-0.42682927846908569,"AngularZ":0.0,"Id":"cec5c21f-a55e-467c-8685-a1f2fa0987d3","DeviceId":"e009d040232a2b50","Timestamp":"2016-10-20T18:27:26.133192+00:00","ProtocolId":"df463a57-fd92-4d66-b6ca-683dfa1c2cb4","Anonymized":true},
{"$type":"Sensus.Shared.Probes.User.MicrosoftBand.MicrosoftBandGyroscopeDatum, Sensus.Android","AngularX":0.60975611209869385,"AngularY":-0.396341472864151,"AngularZ":-0.060975611209869385,"Id":"33e6dbe4-b59d-4c27-8411-7296fc53f2bd","DeviceId":"e009d040232a2b50","Timestamp":"2016-10-20T18:27:27.135641+00:00","ProtocolId":"df463a57-fd92-4d66-b6ca-683dfa1c2cb4","Anonymized":true},
{"$type":"Sensus.Shared.Probes.User.MicrosoftBand.MicrosoftBandGyroscopeDatum, Sensus.Android","AngularX":0.60975611209869385,"AngularY":-0.45731708407402039,"AngularZ":-0.060975611209869385,"Id":"e4f10722-31d2-4aea-bd12-3e57acd4f5e6","DeviceId":"e009d040232a2b50","Timestamp":"2016-10-20T18:27:28.179691+00:00","ProtocolId":"df463a57-fd92-4d66-b6ca-683dfa1c2cb4","Anonymized":true},
{"$type":"Sensus.Shared.Probes.User.MicrosoftBand.MicrosoftBandGyroscopeDatum, Sensus.Android","AngularX":0.57926833629608154,"AngularY":-0.45731708407402039,"AngularZ":-0.060975611209869385,"Id":"f46c8fda-75e1-4641-abad-e099c7bb4cd0","DeviceId":"e009d040232a2b50","Timestamp":"2016-10-20T18:27:29.220124+00:00","ProtocolId":"df463a57-fd92-4d66-b6ca-683dfa1c2cb4","Anonymized":true},
{"$type":"Sensus.Shared.Probes.User.MicrosoftBand.MicrosoftBandGyroscopeDatum, Sensus.Android","AngularX":0.67073172330856323,"AngularY":-0.396341472864151,"AngularZ":-0.060975611209869385,"Id":"4e510dc0-93d5-421c-964c-8529496a4c82","DeviceId":"e009d040232a2b50","Timestamp":"2016-10-20T18:27:30.221888+00:00","ProtocolId":"df463a57-fd92-4d66-b6ca-683dfa1c2cb4","Anonymized":true},
{"$type":"Sensus.Shared.Probes.User.MicrosoftBand.MicrosoftBandGyroscopeDatum, Sensus.Android","AngularX":0.70121955871582031,"AngularY":-0.42682927846908569,"AngularZ":-0.060975611209869385,"Id":"18e61b72-bc77-4de3-8f68-aa726f93920d","DeviceId":"e009d040232a2b50","Timestamp":"2016-10-20T18:27:31.225314+00:00","ProtocolId":"df463a57-fd92-4d66-b6ca-683dfa1c2cb4","Anonymized":true},
{"$type":"Sensus.Shared.Probes.User.MicrosoftBand.MicrosoftBandGyroscopeDatum, Sensus.Android","AngularX":0.73170733451843262,"AngularY":-0.45731708407402039,"AngularZ":-0.091463416814804077,"Id":"7f7f633d-d750-486e-a045-b3266462b46d","DeviceId":"e009d040232a2b50","Timestamp":"2016-10-20T18:27:32.238988+00:00","ProtocolId":"df463a57-fd92-4d66-b6ca-683dfa1c2cb4","Anonymized":true},
{"$type":"Sensus.Shared.Probes.User.MicrosoftBand.MicrosoftBandGyroscopeDatum, Sensus.Android","AngularX":0.67073172330856323,"AngularY":-0.42682927846908569,"AngularZ":-0.060975611209869385,"Id":"2b7dfe8a-065f-44cc-b8c2-7f6ff2768a6d","DeviceId":"e009d040232a2b50","Timestamp":"2016-10-20T18:27:33.263459+00:00","ProtocolId":"df463a57-fd92-4d66-b6ca-683dfa1c2cb4","Anonymized":true},
{"$type":"Sensus.Shared.Probes.User.MicrosoftBand.MicrosoftBandGyroscopeDatum, Sensus.Android","AngularX":0.64024388790130615,"AngularY":-0.42682927846908569,"AngularZ":-0.030487805604934692,"Id":"51d18d67-95bf-407c-bfc9-1ee5f804c4b7","DeviceId":"e009d040232a2b50","Timestamp":"2016-10-20T18:27:34.291247+00:00","ProtocolId":"df463a57-fd92-4d66-b6ca-683dfa1c2cb4","Anonymized":true},
{"$type":"Sensus.Shared.Probes.User.MicrosoftBand.MicrosoftBandGyroscopeDatum, Sensus.Android","AngularX":0.70121955871582031,"AngularY":-0.45731708407402039,"AngularZ":-0.030487805604934692,"Id":"5105a88b-8320-4506-a846-464399e20c1b","DeviceId":"e009d040232a2b50","Timestamp":"2016-10-20T18:27:35.334994+00:00","ProtocolId":"df463a57-fd92-4d66-b6ca-683dfa1c2cb4","Anonymized":true},
{"$type":"Sensus.Shared.Probes.User.MicrosoftBand.MicrosoftBandGyroscopeDatum, Sensus.Android","AngularX":0.73170733451843262,"AngularY":-0.42682927846908569,"AngularZ":-0.030487805604934692,"Id":"f4d1e367-890f-48b1-93ce-7e51593f42e2","DeviceId":"e009d040232a2b50","Timestamp":"2016-10-20T18:27:36.377273+00:00","ProtocolId":"df463a57-fd92-4d66-b6ca-683dfa1c2cb4","Anonymized":true},
{"$type":"Sensus.Shared.Probes.User.MicrosoftBand.MicrosoftBandGyroscopeDatum, Sensus.Android","AngularX":0.64024388790130615,"AngularY":-0.45731708407402039,"AngularZ":-0.060975611209869385,"Id":"2588217e-22ae-4d31-b12a-de558cba4ebd","DeviceId":"e009d040232a2b50","Timestamp":"2016-10-20T18:27:37.418767+00:00","ProtocolId":"df463a57-fd92-4d66-b6ca-683dfa1c2cb4","Anonymized":true},
{"$type":"Sensus.Shared.Probes.User.MicrosoftBand.MicrosoftBandGyroscopeDatum, Sensus.Android","AngularX":0.73170733451843262,"AngularY":-0.396341472864151,"AngularZ":-0.091463416814804077,"Id":"ec889d86-0af2-4790-bcf7-8af7bc0e77db","DeviceId":"e009d040232a2b50","Timestamp":"2016-10-20T18:27:38.421443+00:00","ProtocolId":"df463a57-fd92-4d66-b6ca-683dfa1c2cb4","Anonymized":true},
{"$type":"Sensus.Shared.Probes.User.MicrosoftBand.MicrosoftBandGyroscopeDatum, Sensus.Android","AngularX":0.64024388790130615,"AngularY":-0.396341472864151,"AngularZ":-0.091463416814804077,"Id":"662b1ac3-958f-443c-8a30-0e77105d2b46","DeviceId":"e009d040232a2b50","Timestamp":"2016-10-20T18:27:39.429497+00:00","ProtocolId":"df463a57-fd92-4d66-b6ca-683dfa1c2cb4","Anonymized":true},
{"$type":"Sensus.Shared.Probes.User.MicrosoftBand.MicrosoftBandGyroscopeDatum, Sensus.Android","AngularX":0.70121955871582031,"AngularY":-0.396341472864151,"AngularZ":-0.060975611209869385,"Id":"a9c62926-f0c9-40e3-833d-79691d20763a","DeviceId":"e009d040232a2b50","Timestamp":"2016-10-20T18:27:40.460139+00:00","ProtocolId":"df463a57-fd92-4d66-b6ca-683dfa1c2cb4","Anonymized":true},
{"$type":"Sensus.Shared.Probes.User.MicrosoftBand.MicrosoftBandGyroscopeDatum, Sensus.Android","AngularX":0.60975611209869385,"AngularY":-0.36585366725921631,"AngularZ":-0.091463416814804077,"Id":"becc2fe3-5273-4b23-9c3d-5d54116e6eff","DeviceId":"e009d040232a2b50","Timestamp":"2016-10-20T18:27:41.506791+00:00","ProtocolId":"df463a57-fd92-4d66-b6ca-683dfa1c2cb4","Anonymized":true},
{"$type":"Sensus.Shared.Probes.User.MicrosoftBand.MicrosoftBandGyroscopeDatum, Sensus.Android","AngularX":0.67073172330856323,"AngularY":-0.45731708407402039,"AngularZ":-0.060975611209869385,"Id":"0efb0ce5-e01f-4002-944c-b33de6e72e95","DeviceId":"e009d040232a2b50","Timestamp":"2016-10-20T18:27:42.508775+00:00","ProtocolId":"df463a57-fd92-4d66-b6ca-683dfa1c2cb4","Anonymized":true},
{"$type":"Sensus.Shared.Probes.User.MicrosoftBand.MicrosoftBandGyroscopeDatum, Sensus.Android","AngularX":0.67073172330856323,"AngularY":-0.33536586165428162,"AngularZ":-0.030487805604934692,"Id":"19464f93-89b2-4e7c-9fbb-fe207f52ee25","DeviceId":"e009d040232a2b50","Timestamp":"2016-10-20T18:27:43.518343+00:00","ProtocolId":"df463a57-fd92-4d66-b6ca-683dfa1c2cb4","Anonymized":true},
{"$type":"Sensus.Shared.Probes.User.MicrosoftBand.MicrosoftBandGyroscopeDatum, Sensus.Android","AngularX":0.60975611209869385,"AngularY":-0.36585366725921631,"AngularZ":0.0,"Id":"4d81469c-ffa0-4873-8917-301c102d85f7","DeviceId":"e009d040232a2b50","Timestamp":"2016-10-20T18:27:44.557114+00:00","ProtocolId":"df463a57-fd92-4d66-b6ca-683dfa1c2cb4","Anonymized":true},
{"$type":"Sensus.Shared.Probes.User.MicrosoftBand.MicrosoftBandGyroscopeDatum, Sensus.Android","AngularX":0.67073172330856323,"AngularY":-0.396341472864151,"AngularZ":-0.060975611209869385,"Id":"590fdf0d-06c6-4ad7-a949-f6b46953ff28","DeviceId":"e009d040232a2b50","Timestamp":"2016-10-20T18:27:45.562361+00:00","ProtocolId":"df463a57-fd92-4d66-b6ca-683dfa1c2cb4","Anonymized":true},
{"$type":"Sensus.Shared.Probes.User.MicrosoftBand.MicrosoftBandGyroscopeDatum, Sensus.Android","AngularX":0.67073172330856323,"AngularY":-0.42682927846908569,"AngularZ":-0.15243902802467346,"Id":"cc6b7efa-789d-4f97-89e7-0f5ebbfc332c","DeviceId":"e009d040232a2b50","Timestamp":"2016-10-20T18:27:46.571961+00:00","ProtocolId":"df463a57-fd92-4d66-b6ca-683dfa1c2cb4","Anonymized":true},
{"$type":"Sensus.Shared.Probes.User.MicrosoftBand.MicrosoftBandGyroscopeDatum, Sensus.Android","AngularX":0.70121955871582031,"AngularY":-0.42682927846908569,"AngularZ":0.0,"Id":"f4a66388-9260-42bc-a0ab-da6455fd9707","DeviceId":"e009d040232a2b50","Timestamp":"2016-10-20T18:27:47.611871+00:00","ProtocolId":"df463a57-fd92-4d66-b6ca-683dfa1c2cb4","Anonymized":true},
{"$type":"Sensus.Shared.Probes.User.MicrosoftBand.MicrosoftBandGyroscopeDatum, Sensus.Android","AngularX":0.73170733451843262,"AngularY":-0.42682927846908569,"AngularZ":-0.091463416814804077,"Id":"6d30b274-000a-4423-a791-1a8c2dfad8f5","DeviceId":"e009d040232a2b50","Timestamp":"2016-10-20T18:27:48.611231+00:00","ProtocolId":"df463a57-fd92-4d66-b6ca-683dfa1c2cb4","Anonymized":true},
{"$type":"Sensus.Shared.Probes.User.MicrosoftBand.MicrosoftBandGyroscopeDatum, Sensus.Android","AngularX":0.64024388790130615,"AngularY":-0.42682927846908569,"AngularZ":-0.030487805604934692,"Id":"e14e4cfa-0cb6-41fc-908b-9540c3ec7b34","DeviceId":"e009d040232a2b50","Timestamp":"2016-10-20T18:27:49.617967+00:00","ProtocolId":"df463a57-fd92-4d66-b6ca-683dfa1c2cb4","Anonymized":true},
{"$type":"Sensus.Shared.Probes.User.MicrosoftBand.MicrosoftBandGyroscopeDatum, Sensus.Android","AngularX":0.70121955871582031,"AngularY":-0.396341472864151,"AngularZ":-0.030487805604934692,"Id":"29f7f7ab-2269-48c0-b98a-1239f65964a8","DeviceId":"e009d040232a2b50","Timestamp":"2016-10-20T18:27:50.62373+00:00","ProtocolId":"df463a57-fd92-4d66-b6ca-683dfa1c2cb4","Anonymized":true},
{"$type":"Sensus.Shared.Probes.User.MicrosoftBand.MicrosoftBandGyroscopeDatum, Sensus.Android","AngularX":0.67073172330856323,"AngularY":-0.42682927846908569,"AngularZ":-0.030487805604934692,"Id":"bcd7030e-ff61-4725-8e2c-6195f1ec5247","DeviceId":"e009d040232a2b50","Timestamp":"2016-10-20T18:27:51.63776+00:00","ProtocolId":"df463a57-fd92-4d66-b6ca-683dfa1c2cb4","Anonymized":true},
{"$type":"Sensus.Shared.Probes.User.MicrosoftBand.MicrosoftBandGyroscopeDatum, Sensus.Android","AngularX":0.64024388790130615,"AngularY":-0.42682927846908569,"AngularZ":-0.030487805604934692,"Id":"4c710c0a-4647-4590-8082-39d560f3faf7","DeviceId":"e009d040232a2b50","Timestamp":"2016-10-20T18:27:52.643619+00:00","ProtocolId":"df463a57-fd92-4d66-b6ca-683dfa1c2cb4","Anonymized":true},
{"$type":"Sensus.Shared.Probes.User.MicrosoftBand.MicrosoftBandGyroscopeDatum, Sensus.Android","AngularX":0.67073172330856323,"AngularY":-0.396341472864151,"AngularZ":-0.030487805604934692,"Id":"11757b13-fc29-4aeb-9135-f9e309b8386f","DeviceId":"e009d040232a2b50","Timestamp":"2016-10-20T18:27:53.670023+00:00","ProtocolId":"df463a57-fd92-4d66-b6ca-683dfa1c2cb4","Anonymized":true},
{"$type":"Sensus.Shared.Probes.User.MicrosoftBand.MicrosoftBandGyroscopeDatum, Sensus.Android","AngularX":0.73170733451843262,"AngularY":-0.396341472864151,"AngularZ":-0.060975611209869385,"Id":"6d6ce125-c730-48b7-901d-9e8c866118b1","DeviceId":"e009d040232a2b50","Timestamp":"2016-10-20T18:27:54.6762+00:00","ProtocolId":"df463a57-fd92-4d66-b6ca-683dfa1c2cb4","Anonymized":true},
{"$type":"Sensus.Shared.Probes.User.MicrosoftBand.MicrosoftBandGyroscopeDatum, Sensus.Android","AngularX":0.67073172330856323,"AngularY":-0.396341472864151,"AngularZ":-0.030487805604934692,"Id":"ee355997-cf31-446c-ac85-47d62cfd4d1c","DeviceId":"e009d040232a2b50","Timestamp":"2016-10-20T18:27:55.757614+00:00","ProtocolId":"df463a57-fd92-4d66-b6ca-683dfa1c2cb4","Anonymized":true},
{"$type":"Sensus.Shared.Probes.User.MicrosoftBand.MicrosoftBandGyroscopeDatum, Sensus.Android","AngularX":0.73170733451843262,"AngularY":-0.45731708407402039,"AngularZ":-0.060975611209869385,"Id":"ff6cb8d0-24cb-4c95-ab48-e1b3b14b7fff","DeviceId":"e009d040232a2b50","Timestamp":"2016-10-20T18:27:56.770435+00:00","ProtocolId":"df463a57-fd92-4d66-b6ca-683dfa1c2cb4","Anonymized":true},
{"$type":"Sensus.Shared.Probes.User.MicrosoftBand.MicrosoftBandGyroscopeDatum, Sensus.Android","AngularX":0.70121955871582031,"AngularY":-0.45731708407402039,"AngularZ":0.030487805604934692,"Id":"c0d1f8cb-8061-4141-9592-b344950df9a9","DeviceId":"e009d040232a2b50","Timestamp":"2016-10-20T18:27:57.780396+00:00","ProtocolId":"df463a57-fd92-4d66-b6ca-683dfa1c2cb4","Anonymized":true},
{"$type":"Sensus.Shared.Probes.User.MicrosoftBand.MicrosoftBandGyroscopeDatum, Sensus.Android","AngularX":0.64024388790130615,"AngularY":-0.396341472864151,"AngularZ":-0.030487805604934692,"Id":"894858b8-78d2-4d00-8b6c-e680ae8f20a9","DeviceId":"e009d040232a2b50","Timestamp":"2016-10-20T18:27:58.781491+00:00","ProtocolId":"df463a57-fd92-4d66-b6ca-683dfa1c2cb4","Anonymized":true},
{"$type":"Sensus.Shared.Probes.User.MicrosoftBand.MicrosoftBandGyroscopeDatum, Sensus.Android","AngularX":0.73170733451843262,"AngularY":-0.42682927846908569,"AngularZ":-0.030487805604934692,"Id":"2d74cbb0-f86f-4f55-a970-732e9e6032c1","DeviceId":"e009d040232a2b50","Timestamp":"2016-10-20T18:27:59.783337+00:00","ProtocolId":"df463a57-fd92-4d66-b6ca-683dfa1c2cb4","Anonymized":true},
{"$type":"Sensus.Shared.Probes.User.MicrosoftBand.MicrosoftBandGyroscopeDatum, Sensus.Android","AngularX":0.64024388790130615,"AngularY":-0.48780488967895508,"AngularZ":0.0,"Id":"9bbcba47-72ed-499a-a7b0-9d51c41ede7b","DeviceId":"e009d040232a2b50","Timestamp":"2016-10-20T18:28:00.793874+00:00","ProtocolId":"df463a57-fd92-4d66-b6ca-683dfa1c2cb4","Anonymized":true},
{"$type":"Sensus.Shared.Probes.User.MicrosoftBand.MicrosoftBandGyroscopeDatum, Sensus.Android","AngularX":0.64024388790130615,"AngularY":-0.396341472864151,"AngularZ":-0.030487805604934692,"Id":"3c734eb3-a072-45e1-aab9-745ce7bf155e","DeviceId":"e009d040232a2b50","Timestamp":"2016-10-20T18:28:01.799659+00:00","ProtocolId":"df463a57-fd92-4d66-b6ca-683dfa1c2cb4","Anonymized":true},
{"$type":"Sensus.Shared.Probes.User.MicrosoftBand.MicrosoftBandGyroscopeDatum, Sensus.Android","AngularX":0.70121955871582031,"AngularY":-0.45731708407402039,"AngularZ":0.0,"Id":"0f5ca387-95a0-46eb-8844-50b7afcb4f25","DeviceId":"e009d040232a2b50","Timestamp":"2016-10-20T18:28:02.800164+00:00","ProtocolId":"df463a57-fd92-4d66-b6ca-683dfa1c2cb4","Anonymized":true},
{"$type":"Sensus.Shared.Probes.User.MicrosoftBand.MicrosoftBandGyroscopeDatum, Sensus.Android","AngularX":0.54878050088882446,"AngularY":-0.396341472864151,"AngularZ":-0.030487805604934692,"Id":"f6e81eca-483c-4023-8a81-b3def96220af","DeviceId":"e009d040232a2b50","Timestamp":"2016-10-20T18:28:03.806929+00:00","ProtocolId":"df463a57-fd92-4d66-b6ca-683dfa1c2cb4","Anonymized":true},
{"$type":"Sensus.Shared.Probes.User.MicrosoftBand.MicrosoftBandGyroscopeDatum, Sensus.Android","AngularX":0.64024388790130615,"AngularY":-0.45731708407402039,"AngularZ":-0.030487805604934692,"Id":"0dffbe55-6f6c-4401-a776-987a8c579642","DeviceId":"e009d040232a2b50","Timestamp":"2016-10-20T18:28:04.841473+00:00","ProtocolId":"df463a57-fd92-4d66-b6ca-683dfa1c2cb4","Anonymized":true},
{"$type":"Sensus.Shared.Probes.User.MicrosoftBand.MicrosoftBandGyroscopeDatum, Sensus.Android","AngularX":0.73170733451843262,"AngularY":-0.45731708407402039,"AngularZ":-0.030487805604934692,"Id":"9248cd92-6b4b-4b8c-825d-c8b2fd647fbd","DeviceId":"e009d040232a2b50","Timestamp":"2016-10-20T18:28:24.312358+00:00","ProtocolId":"df463a57-fd92-4d66-b6ca-683dfa1c2cb4","Anonymized":true},
{"$type":"Sensus.Shared.Probes.User.MicrosoftBand.MicrosoftBandGyroscopeDatum, Sensus.Android","AngularX":0.64024388790130615,"AngularY":-0.45731708407402039,"AngularZ":0.0,"Id":"056d7b3c-2ebb-42f4-9eae-998be74ecd29","DeviceId":"e009d040232a2b50","Timestamp":"2016-10-20T18:28:23.287482+00:00","ProtocolId":"df463a57-fd92-4d66-b6ca-683dfa1c2cb4","Anonymized":true},
{"$type":"Sensus.Shared.Probes.User.MicrosoftBand.MicrosoftBandGyroscopeDatum, Sensus.Android","AngularX":0.76219511032104492,"AngularY":-0.42682927846908569,"AngularZ":-0.030487805604934692,"Id":"015321e9-94c7-4770-a9e0-d02ab42d1800","DeviceId":"e009d040232a2b50","Timestamp":"2016-10-20T18:28:22.286976+00:00","ProtocolId":"df463a57-fd92-4d66-b6ca-683dfa1c2cb4","Anonymized":true},
{"$type":"Sensus.Shared.Probes.User.MicrosoftBand.MicrosoftBandGyroscopeDatum, Sensus.Android","AngularX":0.67073172330856323,"AngularY":-0.42682927846908569,"AngularZ":-0.030487805604934692,"Id":"3a2b4e15-279e-4d25-93c3-c88dfa6607bb","DeviceId":"e009d040232a2b50","Timestamp":"2016-10-20T18:28:21.189175+00:00","ProtocolId":"df463a57-fd92-4d66-b6ca-683dfa1c2cb4","Anonymized":true},
{"$type":"Sensus.Shared.Probes.User.MicrosoftBand.MicrosoftBandGyroscopeDatum, Sensus.Android","AngularX":0.64024388790130615,"AngularY":-0.36585366725921631,"AngularZ":0.0,"Id":"95cf0836-22bc-402a-993b-c04cef56391a","DeviceId":"e009d040232a2b50","Timestamp":"2016-10-20T18:28:05.843788+00:00","ProtocolId":"df463a57-fd92-4d66-b6ca-683dfa1c2cb4","Anonymized":true},
{"$type":"Sensus.Shared.Probes.User.MicrosoftBand.MicrosoftBandGyroscopeDatum, Sensus.Android","AngularX":0.60975611209869385,"AngularY":-0.396341472864151,"AngularZ":-0.030487805604934692,"Id":"7839424d-9740-486c-a02f-294fe5fabb02","DeviceId":"e009d040232a2b50","Timestamp":"2016-10-20T18:28:06.959916+00:00","ProtocolId":"df463a57-fd92-4d66-b6ca-683dfa1c2cb4","Anonymized":true},
{"$type":"Sensus.Shared.Probes.User.MicrosoftBand.MicrosoftBandGyroscopeDatum, Sensus.Android","AngularX":0.70121955871582031,"AngularY":-0.45731708407402039,"AngularZ":-0.060975611209869385,"Id":"bb1d2254-ab1b-49ff-91b1-bb1539841f3b","DeviceId":"e009d040232a2b50","Timestamp":"2016-10-20T18:28:07.961569+00:00","ProtocolId":"df463a57-fd92-4d66-b6ca-683dfa1c2cb4","Anonymized":true},
{"$type":"Sensus.Shared.Probes.User.MicrosoftBand.MicrosoftBandGyroscopeDatum, Sensus.Android","AngularX":0.73170733451843262,"AngularY":-0.396341472864151,"AngularZ":-0.091463416814804077,"Id":"5cabe159-1519-4146-9b7c-d09f1a85ae79","DeviceId":"e009d040232a2b50","Timestamp":"2016-10-20T18:28:08.96292+00:00","ProtocolId":"df463a57-fd92-4d66-b6ca-683dfa1c2cb4","Anonymized":true},
{"$type":"Sensus.Shared.Probes.User.MicrosoftBand.MicrosoftBandGyroscopeDatum, Sensus.Android","AngularX":0.64024388790130615,"AngularY":-0.36585366725921631,"AngularZ":0.091463416814804077,"Id":"d9818b93-0129-4c8a-a7eb-d3b4a8827ed5","DeviceId":"e009d040232a2b50","Timestamp":"2016-10-20T18:28:09.96884+00:00","ProtocolId":"df463a57-fd92-4d66-b6ca-683dfa1c2cb4","Anonymized":true},
{"$type":"Sensus.Shared.Probes.User.MicrosoftBand.MicrosoftBandGyroscopeDatum, Sensus.Android","AngularX":0.60975611209869385,"AngularY":-0.396341472864151,"AngularZ":-0.060975611209869385,"Id":"5cff5cee-8dfd-4f0e-83ad-25bdb573c8ed","DeviceId":"e009d040232a2b50","Timestamp":"2016-10-20T18:28:10.96959+00:00","ProtocolId":"df463a57-fd92-4d66-b6ca-683dfa1c2cb4","Anonymized":true},
{"$type":"Sensus.Shared.Probes.User.MicrosoftBand.MicrosoftBandGyroscopeDatum, Sensus.Android","AngularX":0.60975611209869385,"AngularY":-0.42682927846908569,"AngularZ":-0.030487805604934692,"Id":"6397ceb5-a9bf-4100-b125-8151e6e0eba9","DeviceId":"e009d040232a2b50","Timestamp":"2016-10-20T18:28:11.973588+00:00","ProtocolId":"df463a57-fd92-4d66-b6ca-683dfa1c2cb4","Anonymized":true},
{"$type":"Sensus.Shared.Probes.User.MicrosoftBand.MicrosoftBandGyroscopeDatum, Sensus.Android","AngularX":0.67073172330856323,"AngularY":-0.48780488967895508,"AngularZ":-0.030487805604934692,"Id":"e18ce2a8-30d8-40ae-8ef2-8549e679e3df","DeviceId":"e009d040232a2b50","Timestamp":"2016-10-20T18:28:12.978554+00:00","ProtocolId":"df463a57-fd92-4d66-b6ca-683dfa1c2cb4","Anonymized":true},
{"$type":"Sensus.Shared.Probes.User.MicrosoftBand.MicrosoftBandGyroscopeDatum, Sensus.Android","AngularX":0.70121955871582031,"AngularY":-0.45731708407402039,"AngularZ":-0.030487805604934692,"Id":"ec9d125d-8961-46a7-852d-d4cb92045f80","DeviceId":"e009d040232a2b50","Timestamp":"2016-10-20T18:28:14.029439+00:00","ProtocolId":"df463a57-fd92-4d66-b6ca-683dfa1c2cb4","Anonymized":true},
{"$type":"Sensus.Shared.Probes.User.MicrosoftBand.MicrosoftBandGyroscopeDatum, Sensus.Android","AngularX":0.57926833629608154,"AngularY":-0.396341472864151,"AngularZ":-0.030487805604934692,"Id":"6af275ab-8415-4ac3-8e56-e1990bb69cdb","DeviceId":"e009d040232a2b50","Timestamp":"2016-10-20T18:28:15.069158+00:00","ProtocolId":"df463a57-fd92-4d66-b6ca-683dfa1c2cb4","Anonymized":true},
{"$type":"Sensus.Shared.Probes.User.MicrosoftBand.MicrosoftBandGyroscopeDatum, Sensus.Android","AngularX":0.64024388790130615,"AngularY":-0.396341472864151,"AngularZ":-0.030487805604934692,"Id":"f0307431-4b47-47bd-9f9b-b8aa35353582","DeviceId":"e009d040232a2b50","Timestamp":"2016-10-20T18:28:16.07512+00:00","ProtocolId":"df463a57-fd92-4d66-b6ca-683dfa1c2cb4","Anonymized":true},
{"$type":"Sensus.Shared.Probes.User.MicrosoftBand.MicrosoftBandGyroscopeDatum, Sensus.Android","AngularX":0.57926833629608154,"AngularY":-0.33536586165428162,"AngularZ":0.0,"Id":"552b7e69-ec66-4639-9fe5-6e462d75945d","DeviceId":"e009d040232a2b50","Timestamp":"2016-10-20T18:28:17.077126+00:00","ProtocolId":"df463a57-fd92-4d66-b6ca-683dfa1c2cb4","Anonymized":true},
{"$type":"Sensus.Shared.Probes.User.MicrosoftBand.MicrosoftBandGyroscopeDatum, Sensus.Android","AngularX":0.70121955871582031,"AngularY":-0.36585366725921631,"AngularZ":-0.091463416814804077,"Id":"5886c48a-f35b-4e73-9f15-8d905f899276","DeviceId":"e009d040232a2b50","Timestamp":"2016-10-20T18:28:18.137386+00:00","ProtocolId":"df463a57-fd92-4d66-b6ca-683dfa1c2cb4","Anonymized":true},
{"$type":"Sensus.Shared.Probes.User.MicrosoftBand.MicrosoftBandGyroscopeDatum, Sensus.Android","AngularX":0.64024388790130615,"AngularY":-0.36585366725921631,"AngularZ":0.0,"Id":"78fef628-fa64-4aee-9c73-e1dee49a661e","DeviceId":"e009d040232a2b50","Timestamp":"2016-10-20T18:28:19.142376+00:00","ProtocolId":"df463a57-fd92-4d66-b6ca-683dfa1c2cb4","Anonymized":true},
{"$type":"Sensus.Shared.Probes.User.MicrosoftBand.MicrosoftBandGyroscopeDatum, Sensus.Android","AngularX":0.57926833629608154,"AngularY":-0.396341472864151,"AngularZ":-0.030487805604934692,"Id":"8c469094-9f84-4da8-afa1-85d66d3366ef","DeviceId":"e009d040232a2b50","Timestamp":"2016-10-20T18:28:20.146301+00:00","ProtocolId":"df463a57-fd92-4d66-b6ca-683dfa1c2cb4","Anonymized":true},
{"$type":"Sensus.Shared.Probes.User.MicrosoftBand.MicrosoftBandGyroscopeDatum, Sensus.Android","AngularX":0.67073172330856323,"AngularY":-0.42682927846908569,"AngularZ":-0.091463416814804077,"Id":"dd0d11c3-8b30-4bb5-9b31-0108a8dd8ae0","DeviceId":"e009d040232a2b50","Timestamp":"2016-10-20T18:28:25.361592+00:00","ProtocolId":"df463a57-fd92-4d66-b6ca-683dfa1c2cb4","Anonymized":true},
{"$type":"Sensus.Shared.Probes.User.MicrosoftBand.MicrosoftBandGyroscopeDatum, Sensus.Android","AngularX":0.64024388790130615,"AngularY":-0.42682927846908569,"AngularZ":-0.060975611209869385,"Id":"1597940f-af06-4fb2-8801-74cf879e4f99","DeviceId":"e009d040232a2b50","Timestamp":"2016-10-20T18:28:26.363049+00:00","ProtocolId":"df463a57-fd92-4d66-b6ca-683dfa1c2cb4","Anonymized":true},
{"$type":"Sensus.Shared.Probes.User.MicrosoftBand.MicrosoftBandGyroscopeDatum, Sensus.Android","AngularX":0.64024388790130615,"AngularY":-0.396341472864151,"AngularZ":0.0,"Id":"27373e00-f0ae-4e7d-a0dc-414edec6f0c0","DeviceId":"e009d040232a2b50","Timestamp":"2016-10-20T18:28:27.365611+00:00","ProtocolId":"df463a57-fd92-4d66-b6ca-683dfa1c2cb4","Anonymized":true},
{"$type":"Sensus.Shared.Probes.User.MicrosoftBand.MicrosoftBandGyroscopeDatum, Sensus.Android","AngularX":0.64024388790130615,"AngularY":-0.396341472864151,"AngularZ":0.0,"Id":"94b640a2-4f6b-480c-affa-8eed0c63188f","DeviceId":"e009d040232a2b50","Timestamp":"2016-10-20T18:28:28.414792+00:00","ProtocolId":"df463a57-fd92-4d66-b6ca-683dfa1c2cb4","Anonymized":true},
{"$type":"Sensus.Shared.Probes.User.MicrosoftBand.MicrosoftBandGyroscopeDatum, Sensus.Android","AngularX":0.67073172330856323,"AngularY":-0.36585366725921631,"AngularZ":0.030487805604934692,"Id":"96b98a9f-9064-45a9-9be7-62ea95f8f59e","DeviceId":"e009d040232a2b50","Timestamp":"2016-10-20T18:28:29.463943+00:00","ProtocolId":"df463a57-fd92-4d66-b6ca-683dfa1c2cb4","Anonymized":true},
{"$type":"Sensus.Shared.Probes.User.MicrosoftBand.MicrosoftBandGyroscopeDatum, Sensus.Android","AngularX":0.76219511032104492,"AngularY":-0.42682927846908569,"AngularZ":-0.060975611209869385,"Id":"97bd3e48-e68e-4a0d-8228-4e15c0952a64","DeviceId":"e009d040232a2b50","Timestamp":"2016-10-20T18:28:30.50338+00:00","ProtocolId":"df463a57-fd92-4d66-b6ca-683dfa1c2cb4","Anonymized":true},
{"$type":"Sensus.Shared.Probes.User.MicrosoftBand.MicrosoftBandGyroscopeDatum, Sensus.Android","AngularX":0.57926833629608154,"AngularY":-0.36585366725921631,"AngularZ":-0.030487805604934692,"Id":"ba700a97-ec1b-4a5a-ad82-a6f737adb437","DeviceId":"e009d040232a2b50","Timestamp":"2016-10-20T18:28:31.544693+00:00","ProtocolId":"df463a57-fd92-4d66-b6ca-683dfa1c2cb4","Anonymized":true},
{"$type":"Sensus.Shared.Probes.User.MicrosoftBand.MicrosoftBandGyroscopeDatum, Sensus.Android","AngularX":0.54878050088882446,"AngularY":-0.396341472864151,"AngularZ":-0.030487805604934692,"Id":"cf28cc01-70a4-4d51-9d8c-6a6fe63d29cd","DeviceId":"e009d040232a2b50","Timestamp":"2016-10-20T18:28:32.559317+00:00","ProtocolId":"df463a57-fd92-4d66-b6ca-683dfa1c2cb4","Anonymized":true},
{"$type":"Sensus.Shared.Probes.User.MicrosoftBand.MicrosoftBandGyroscopeDatum, Sensus.Android","AngularX":0.64024388790130615,"AngularY":-0.42682927846908569,"AngularZ":0.0,"Id":"d8fa6d5a-6cb5-4072-8bcd-f144fdedd876","DeviceId":"e009d040232a2b50","Timestamp":"2016-10-20T18:28:33.56319+00:00","ProtocolId":"df463a57-fd92-4d66-b6ca-683dfa1c2cb4","Anonymized":true},
{"$type":"Sensus.Shared.Probes.User.MicrosoftBand.MicrosoftBandGyroscopeDatum, Sensus.Android","AngularX":0.67073172330856323,"AngularY":-0.42682927846908569,"AngularZ":-0.030487805604934692,"Id":"25a71bc7-b253-4216-b5d0-035750d3dcbb","DeviceId":"e009d040232a2b50","Timestamp":"2016-10-20T18:28:34.571338+00:00","ProtocolId":"df463a57-fd92-4d66-b6ca-683dfa1c2cb4","Anonymized":true},
{"$type":"Sensus.Shared.Probes.User.MicrosoftBand.MicrosoftBandGyroscopeDatum, Sensus.Android","AngularX":0.70121955871582031,"AngularY":-0.42682927846908569,"AngularZ":-0.091463416814804077,"Id":"7697d93f-0cd5-4d27-9005-a40e4268e270","DeviceId":"e009d040232a2b50","Timestamp":"2016-10-20T18:28:35.59566+00:00","ProtocolId":"df463a57-fd92-4d66-b6ca-683dfa1c2cb4","Anonymized":true},
{"$type":"Sensus.Shared.Probes.User.MicrosoftBand.MicrosoftBandGyroscopeDatum, Sensus.Android","AngularX":0.60975611209869385,"AngularY":-0.42682927846908569,"AngularZ":0.0,"Id":"a17ca6ec-e52b-4808-adbd-a89f55e14a7b","DeviceId":"e009d040232a2b50","Timestamp":"2016-10-20T18:28:36.727336+00:00","ProtocolId":"df463a57-fd92-4d66-b6ca-683dfa1c2cb4","Anonymized":true},
{"$type":"Sensus.Shared.Probes.User.MicrosoftBand.MicrosoftBandGyroscopeDatum, Sensus.Android","AngularX":0.57926833629608154,"AngularY":-0.48780488967895508,"AngularZ":-0.060975611209869385,"Id":"1c073fda-cac8-4309-bb4e-bf48718e35ab","DeviceId":"e009d040232a2b50","Timestamp":"2016-10-20T18:28:37.728916+00:00","ProtocolId":"df463a57-fd92-4d66-b6ca-683dfa1c2cb4","Anonymized":true},
{"$type":"Sensus.Shared.Probes.User.MicrosoftBand.MicrosoftBandGyroscopeDatum, Sensus.Android","AngularX":0.64024388790130615,"AngularY":-0.42682927846908569,"AngularZ":-0.060975611209869385,"Id":"97aab40d-7cd8-4457-b7ff-8637b09904ee","DeviceId":"e009d040232a2b50","Timestamp":"2016-10-20T18:28:38.731978+00:00","ProtocolId":"df463a57-fd92-4d66-b6ca-683dfa1c2cb4","Anonymized":true},
{"$type":"Sensus.Shared.Probes.User.MicrosoftBand.MicrosoftBandGyroscopeDatum, Sensus.Android","AngularX":0.60975611209869385,"AngularY":-0.36585366725921631,"AngularZ":-0.060975611209869385,"Id":"099e4478-35db-4300-a8b6-2a97331f1bcc","DeviceId":"e009d040232a2b50","Timestamp":"2016-10-20T18:28:39.737616+00:00","ProtocolId":"df463a57-fd92-4d66-b6ca-683dfa1c2cb4","Anonymized":true},
{"$type":"Sensus.Shared.Probes.User.MicrosoftBand.MicrosoftBandGyroscopeDatum, Sensus.Android","AngularX":0.73170733451843262,"AngularY":-0.396341472864151,"AngularZ":0.030487805604934692,"Id":"fd2060c7-5714-47c6-bba3-7f65fb380373","DeviceId":"e009d040232a2b50","Timestamp":"2016-10-20T18:28:40.753148+00:00","ProtocolId":"df463a57-fd92-4d66-b6ca-683dfa1c2cb4","Anonymized":true},
{"$type":"Sensus.Shared.Probes.User.MicrosoftBand.MicrosoftBandGyroscopeDatum, Sensus.Android","AngularX":0.60975611209869385,"AngularY":-0.42682927846908569,"AngularZ":0.0,"Id":"0957d260-6fd1-4a6a-bd0f-03b52b7e9146","DeviceId":"e009d040232a2b50","Timestamp":"2016-10-20T18:28:41.794738+00:00","ProtocolId":"df463a57-fd92-4d66-b6ca-683dfa1c2cb4","Anonymized":true},
{"$type":"Sensus.Shared.Probes.User.MicrosoftBand.MicrosoftBandGyroscopeDatum, Sensus.Android","AngularX":0.73170733451843262,"AngularY":-0.42682927846908569,"AngularZ":0.0,"Id":"b191e10d-b15f-489e-8e1c-a24a6ccf94a7","DeviceId":"e009d040232a2b50","Timestamp":"2016-10-20T18:28:42.84161+00:00","ProtocolId":"df463a57-fd92-4d66-b6ca-683dfa1c2cb4","Anonymized":true},
{"$type":"Sensus.Shared.Probes.User.MicrosoftBand.MicrosoftBandGyroscopeDatum, Sensus.Android","AngularX":0.67073172330856323,"AngularY":-0.396341472864151,"AngularZ":-0.030487805604934692,"Id":"a674f48e-3316-45b1-bd9c-1db95427d66a","DeviceId":"e009d040232a2b50","Timestamp":"2016-10-20T18:28:43.886452+00:00","ProtocolId":"df463a57-fd92-4d66-b6ca-683dfa1c2cb4","Anonymized":true},
{"$type":"Sensus.Shared.Probes.User.MicrosoftBand.MicrosoftBandGyroscopeDatum, Sensus.Android","AngularX":0.60975611209869385,"AngularY":-0.396341472864151,"AngularZ":-0.030487805604934692,"Id":"2ae9e505-9ff7-44f0-8c30-c7f20c6cd883","DeviceId":"e009d040232a2b50","Timestamp":"2016-10-20T18:28:44.920094+00:00","ProtocolId":"df463a57-fd92-4d66-b6ca-683dfa1c2cb4","Anonymized":true},
{"$type":"Sensus.Shared.Probes.User.MicrosoftBand.MicrosoftBandGyroscopeDatum, Sensus.Android","AngularX":0.70121955871582031,"AngularY":-0.45731708407402039,"AngularZ":-0.030487805604934692,"Id":"e4bf3324-f837-4a52-95b7-ee5079298c98","DeviceId":"e009d040232a2b50","Timestamp":"2016-10-20T18:28:45.926446+00:00","ProtocolId":"df463a57-fd92-4d66-b6ca-683dfa1c2cb4","Anonymized":true},
{"$type":"Sensus.Shared.Probes.User.MicrosoftBand.MicrosoftBandGyroscopeDatum, Sensus.Android","AngularX":0.70121955871582031,"AngularY":-0.45731708407402039,"AngularZ":-0.030487805604934692,"Id":"b8b47003-594f-41ea-b152-f6101e565559","DeviceId":"e009d040232a2b50","Timestamp":"2016-10-20T18:28:46.932975+00:00","ProtocolId":"df463a57-fd92-4d66-b6ca-683dfa1c2cb4","Anonymized":true},
{"$type":"Sensus.Shared.Probes.User.MicrosoftBand.MicrosoftBandGyroscopeDatum, Sensus.Android","AngularX":0.64024388790130615,"AngularY":-0.396341472864151,"AngularZ":-0.060975611209869385,"Id":"60dc9526-8987-4fa7-93bd-e92f41751a0e","DeviceId":"e009d040232a2b50","Timestamp":"2016-10-20T18:28:47.93474+00:00","ProtocolId":"df463a57-fd92-4d66-b6ca-683dfa1c2cb4","Anonymized":true},
{"$type":"Sensus.Shared.Probes.User.MicrosoftBand.MicrosoftBandGyroscopeDatum, Sensus.Android","AngularX":0.67073172330856323,"AngularY":-0.42682927846908569,"AngularZ":0.0,"Id":"5f6f28f1-df4d-4903-a397-2c4821da931a","DeviceId":"e009d040232a2b50","Timestamp":"2016-10-20T18:28:48.959625+00:00","ProtocolId":"df463a57-fd92-4d66-b6ca-683dfa1c2cb4","Anonymized":true},
{"$type":"Sensus.Shared.Probes.User.MicrosoftBand.MicrosoftBandGyroscopeDatum, Sensus.Android","AngularX":0.57926833629608154,"AngularY":-0.42682927846908569,"AngularZ":0.0,"Id":"fe831c9e-55bd-4939-bdea-2981dd5dfa58","DeviceId":"e009d040232a2b50","Timestamp":"2016-10-20T18:28:49.991154+00:00","ProtocolId":"df463a57-fd92-4d66-b6ca-683dfa1c2cb4","Anonymized":true},
{"$type":"Sensus.Shared.Probes.User.MicrosoftBand.MicrosoftBandGyroscopeDatum, Sensus.Android","AngularX":0.54878050088882446,"AngularY":-0.42682927846908569,"AngularZ":0.030487805604934692,"Id":"92686515-e639-43be-bbd0-0c6594f26b43","DeviceId":"e009d040232a2b50","Timestamp":"2016-10-20T18:28:50.993693+00:00","ProtocolId":"df463a57-fd92-4d66-b6ca-683dfa1c2cb4","Anonymized":true},
{"$type":"Sensus.Shared.Probes.User.MicrosoftBand.MicrosoftBandGyroscopeDatum, Sensus.Android","AngularX":0.70121955871582031,"AngularY":-0.396341472864151,"AngularZ":-0.060975611209869385,"Id":"e9d47ebb-03a6-43cb-b508-1d256df40c14","DeviceId":"e009d040232a2b50","Timestamp":"2016-10-20T18:28:52.001004+00:00","ProtocolId":"df463a57-fd92-4d66-b6ca-683dfa1c2cb4","Anonymized":true},
{"$type":"Sensus.Shared.Probes.User.MicrosoftBand.MicrosoftBandGyroscopeDatum, Sensus.Android","AngularX":0.57926833629608154,"AngularY":-0.48780488967895508,"AngularZ":-0.030487805604934692,"Id":"c2c10ef4-1d45-465e-8f9e-6c8c12534c8c","DeviceId":"e009d040232a2b50","Timestamp":"2016-10-20T18:28:53.035438+00:00","ProtocolId":"df463a57-fd92-4d66-b6ca-683dfa1c2cb4","Anonymized":true},
{"$type":"Sensus.Shared.Probes.User.MicrosoftBand.MicrosoftBandGyroscopeDatum, Sensus.Android","AngularX":0.70121955871582031,"AngularY":-0.42682927846908569,"AngularZ":-0.060975611209869385,"Id":"2e791e2e-e68a-49f8-b2ea-bd27870bd9a9","DeviceId":"e009d040232a2b50","Timestamp":"2016-10-20T18:28:54.040217+00:00","ProtocolId":"df463a57-fd92-4d66-b6ca-683dfa1c2cb4","Anonymized":true},
{"$type":"Sensus.Shared.Probes.User.MicrosoftBand.MicrosoftBandGyroscopeDatum, Sensus.Android","AngularX":0.51829266548156738,"AngularY":-0.42682927846908569,"AngularZ":0.0,"Id":"ff4633b8-108e-41ba-aad3-89447e0c3c80","DeviceId":"e009d040232a2b50","Timestamp":"2016-10-20T18:28:55.063873+00:00","ProtocolId":"df463a57-fd92-4d66-b6ca-683dfa1c2cb4","Anonymized":true},
{"$type":"Sensus.Shared.Probes.User.MicrosoftBand.MicrosoftBandGyroscopeDatum, Sensus.Android","AngularX":0.60975611209869385,"AngularY":-0.42682927846908569,"AngularZ":-0.060975611209869385,"Id":"00f3722a-2b16-4789-b25f-8b539505d654","DeviceId":"e009d040232a2b50","Timestamp":"2016-10-20T18:28:56.068904+00:00","ProtocolId":"df463a57-fd92-4d66-b6ca-683dfa1c2cb4","Anonymized":true},
{"$type":"Sensus.Shared.Probes.User.MicrosoftBand.MicrosoftBandGyroscopeDatum, Sensus.Android","AngularX":0.60975611209869385,"AngularY":-0.42682927846908569,"AngularZ":-0.030487805604934692,"Id":"3d512cbf-3543-4c43-97c5-d15d79ba87f7","DeviceId":"e009d040232a2b50","Timestamp":"2016-10-20T18:28:57.069688+00:00","ProtocolId":"df463a57-fd92-4d66-b6ca-683dfa1c2cb4","Anonymized":true},
{"$type":"Sensus.Shared.Probes.User.MicrosoftBand.MicrosoftBandGyroscopeDatum, Sensus.Android","AngularX":0.57926833629608154,"AngularY":-0.396341472864151,"AngularZ":-0.060975611209869385,"Id":"ac29d3ab-e8f0-46de-b0be-36433356b163","DeviceId":"e009d040232a2b50","Timestamp":"2016-10-20T18:28:58.080455+00:00","ProtocolId":"df463a57-fd92-4d66-b6ca-683dfa1c2cb4","Anonymized":true},
{"$type":"Sensus.Shared.Probes.User.MicrosoftBand.MicrosoftBandGyroscopeDatum, Sensus.Android","AngularX":0.57926833629608154,"AngularY":-0.396341472864151,"AngularZ":-0.060975611209869385,"Id":"fb10d79b-fd5a-4694-a38f-d8f00b292c66","DeviceId":"e009d040232a2b50","Timestamp":"2016-10-20T18:28:59.089224+00:00","ProtocolId":"df463a57-fd92-4d66-b6ca-683dfa1c2cb4","Anonymized":true},
{"$type":"Sensus.Shared.Probes.User.MicrosoftBand.MicrosoftBandGyroscopeDatum, Sensus.Android","AngularX":0.64024388790130615,"AngularY":-0.45731708407402039,"AngularZ":-0.030487805604934692,"Id":"b1a5ee62-72d1-4020-867f-81d98167251f","DeviceId":"e009d040232a2b50","Timestamp":"2016-10-20T18:29:00.104579+00:00","ProtocolId":"df463a57-fd92-4d66-b6ca-683dfa1c2cb4","Anonymized":true},
{"$type":"Sensus.Shared.Probes.User.MicrosoftBand.MicrosoftBandGyroscopeDatum, Sensus.Android","AngularX":0.60975611209869385,"AngularY":-0.36585366725921631,"AngularZ":0.030487805604934692,"Id":"c756f72d-ad9f-4e3c-af20-44845b7b5720","DeviceId":"e009d040232a2b50","Timestamp":"2016-10-20T18:29:01.153649+00:00","ProtocolId":"df463a57-fd92-4d66-b6ca-683dfa1c2cb4","Anonymized":true},
{"$type":"Sensus.Shared.Probes.User.MicrosoftBand.MicrosoftBandGyroscopeDatum, Sensus.Android","AngularX":0.64024388790130615,"AngularY":-0.396341472864151,"AngularZ":0.030487805604934692,"Id":"d3417c76-dfce-4fb3-9435-178791aa299d","DeviceId":"e009d040232a2b50","Timestamp":"2016-10-20T18:29:02.200286+00:00","ProtocolId":"df463a57-fd92-4d66-b6ca-683dfa1c2cb4","Anonymized":true},
{"$type":"Sensus.Shared.Probes.User.MicrosoftBand.MicrosoftBandGyroscopeDatum, Sensus.Android","AngularX":0.54878050088882446,"AngularY":-0.42682927846908569,"AngularZ":-0.030487805604934692,"Id":"d998be07-79b5-4f4d-928e-4e0da11f057d","DeviceId":"e009d040232a2b50","Timestamp":"2016-10-20T18:29:03.22078+00:00","ProtocolId":"df463a57-fd92-4d66-b6ca-683dfa1c2cb4","Anonymized":true},
{"$type":"Sensus.Shared.Probes.User.MicrosoftBand.MicrosoftBandGyroscopeDatum, Sensus.Android","AngularX":0.67073172330856323,"AngularY":-0.42682927846908569,"AngularZ":-0.060975611209869385,"Id":"40fcadf6-ab9e-401a-aeb5-6c3b253c8741","DeviceId":"e009d040232a2b50","Timestamp":"2016-10-20T18:29:04.222031+00:00","ProtocolId":"df463a57-fd92-4d66-b6ca-683dfa1c2cb4","Anonymized":true},
{"$type":"Sensus.Shared.Probes.User.MicrosoftBand.MicrosoftBandGyroscopeDatum, Sensus.Android","AngularX":0.57926833629608154,"AngularY":-0.45731708407402039,"AngularZ":0.0,"Id":"a25703b7-92ef-4329-ad07-a807a9be45a9","DeviceId":"e009d040232a2b50","Timestamp":"2016-10-20T18:29:05.245665+00:00","ProtocolId":"df463a57-fd92-4d66-b6ca-683dfa1c2cb4","Anonymized":true},
{"$type":"Sensus.Shared.Probes.User.MicrosoftBand.MicrosoftBandGyroscopeDatum, Sensus.Android","AngularX":0.60975611209869385,"AngularY":-0.396341472864151,"AngularZ":-0.030487805604934692,"Id":"c3036bfd-d4a9-467b-b559-23341977e501","DeviceId":"e009d040232a2b50","Timestamp":"2016-10-20T18:29:06.249271+00:00","ProtocolId":"df463a57-fd92-4d66-b6ca-683dfa1c2cb4","Anonymized":true},
{"$type":"Sensus.Shared.Probes.User.MicrosoftBand.MicrosoftBandGyroscopeDatum, Sensus.Android","AngularX":0.67073172330856323,"AngularY":-0.396341472864151,"AngularZ":0.0,"Id":"8ac5abc4-3e7c-41a2-96c8-1a0a839a6c74","DeviceId":"e009d040232a2b50","Timestamp":"2016-10-20T18:29:07.279122+00:00","ProtocolId":"df463a57-fd92-4d66-b6ca-683dfa1c2cb4","Anonymized":true},
{"$type":"Sensus.Shared.Probes.User.MicrosoftBand.MicrosoftBandGyroscopeDatum, Sensus.Android","AngularX":0.67073172330856323,"AngularY":-0.42682927846908569,"AngularZ":-0.060975611209869385,"Id":"71204208-90f4-445a-8ce8-3b8dc344d7ff","DeviceId":"e009d040232a2b50","Timestamp":"2016-10-20T18:29:08.326807+00:00","ProtocolId":"df463a57-fd92-4d66-b6ca-683dfa1c2cb4","Anonymized":true},
{"$type":"Sensus.Shared.Probes.User.MicrosoftBand.MicrosoftBandGyroscopeDatum, Sensus.Android","AngularX":0.57926833629608154,"AngularY":-0.42682927846908569,"AngularZ":-0.091463416814804077,"Id":"15a95b40-9462-4957-b199-1265932d3fe5","DeviceId":"e009d040232a2b50","Timestamp":"2016-10-20T18:29:09.327477+00:00","ProtocolId":"df463a57-fd92-4d66-b6ca-683dfa1c2cb4","Anonymized":true},
{"$type":"Sensus.Shared.Probes.User.MicrosoftBand.MicrosoftBandGyroscopeDatum, Sensus.Android","AngularX":0.64024388790130615,"AngularY":-0.36585366725921631,"AngularZ":-0.030487805604934692,"Id":"0a278ef2-0996-4858-9bad-f09f5abe3331","DeviceId":"e009d040232a2b50","Timestamp":"2016-10-20T18:29:10.333221+00:00","ProtocolId":"df463a57-fd92-4d66-b6ca-683dfa1c2cb4","Anonymized":true}
]