[
{"$type":"Sensus.Shared.Probes.User.MicrosoftBand.MicrosoftBandGyroscopeDatum, Sensus.Android","AngularX":0.64024388790130615,"AngularY":-0.396341472864151,"AngularZ":-0.060975611209869385,"Id":"c00f2184-6829-4063-8010-843f7cb60904","DeviceId":"e009d040232a2b50","Timestamp":"2016-10-20T18:29:11.361653+00:00","ProtocolId":"df463a57-fd92-4d66-b6ca-683dfa1c2cb4","Anonymized":true},
{"$type":"Sensus.Shared.Probes.User.MicrosoftBand.MicrosoftBandGyroscopeDatum, Sensus.Android","AngularX":0.60975611209869385,"AngularY":-0.396341472864151,"AngularZ":0.030487805604934692,"Id":"9c0c2841-7631-42bb-b7e5-472eecc0d008","DeviceId":"e009d040232a2b50","Timestamp":"2016-10-20T18:29:12.393048+00:00","ProtocolId":"df463a57-fd92-4d66-b6ca-683dfa1c2cb4","Anonymized":true},
{"$type":"Sensus.Shared.Probes.User.MicrosoftBand.MicrosoftBandGyroscopeDatum, Sensus.Android","AngularX":0.60975611209869385,"AngularY":-0.42682927846908569,"AngularZ":-0.030487805604934692,"Id":"cf47f2fd-58f2-4383-a5db-73d8330954ab","DeviceId":"e009d040232a2b50","Timestamp":"2016-10-20T18:29:13.422282+00:00","ProtocolId":"df463a57-fd92-4d66-b6ca-683dfa1c2cb4","Anonymized":true},
{"$type":"Sensus.Shared.Probes.User.MicrosoftBand.MicrosoftBandGyroscopeDatum, Sensus.Android","AngularX":0.73170733451843262,"AngularY":-0.42682927846908569,"AngularZ":0.030487805604934692,"Id":"bccd2f99-7ebe-4ab5-8f95-a3c0eb9b36c0","DeviceId":"e009d040232a2b50","Timestamp":"2016-10-20T18:29:14.536971+00:00","ProtocolId":"df463a57-fd92-4d66-b6ca-683dfa1c2cb4","Anonymized":true},
{"$type":"Sensus.Shared.Probes.User.MicrosoftBand.MicrosoftBandGyroscopeDatum, Sensus.Android","AngularX":0.67073172330856323,"AngularY":-0.45731708407402039,"AngularZ":-0.030487805604934692,"Id":"7fe09046-b3f9-4eda-8803-054b387322c6","DeviceId":"e009d040232a2b50","Timestamp":"2016-10-20T18:29:15.537909+00:00","ProtocolId":"df463a57-fd92-4d66-b6ca-683dfa1c2cb4","Anonymized":true},
{"$type":"Sensus.Shared.Probes.User.MicrosoftBand.MicrosoftBandGyroscopeDatum, Sensus.Android","AngularX":0.70121955871582031,"AngularY":-0.45731708407402039,"AngularZ":-0.030487805604934692,"Id":"30a220b4-6c70-474a-9a3f-fd7c7f7213a7","DeviceId":"e009d040232a2b50","Timestamp":"2016-10-20T18:29:16.553385+00:00","ProtocolId":"df463a57-fd92-4d66-b6ca-683dfa1c2cb4","Anonymized":true},
{"$type":"Sensus.Shared.Probes.User.MicrosoftBand.MicrosoftBandGyroscopeDatum, Sensus.Android","AngularX":0.57926833629608154,"AngularY":-0.36585366725921631,"AngularZ":0.030487805604934692,"Id":"0569269a-462e-4dbb-b1f2-810ffce0b834","DeviceId":"e009d040232a2b50","Timestamp":"2016-10-20T18:29:17.561133+00:00","ProtocolId":"df463a57-fd92-4d66-b6ca-683dfa1c2cb4","Anonymized":true},
{"$type":"Sensus.Shared.Probes.User.MicrosoftBand.MicrosoftBandGyroscopeDatum, Sensus.Android","AngularX":0.67073172330856323,"AngularY":-0.48780488967895508,"AngularZ":0.030487805604934692,"Id":"4a64ddc3-4021-42ba-bfe9-0cf288b6b269","DeviceId":"e009d040232a2b50","Timestamp":"2016-10-20T18:29:18.566684+00:00","ProtocolId":"df463a57-fd92-4d66-b6ca-683dfa1c2cb4","Anonymized":true},
{"$type":"Sensus.Shared.Probes.User.MicrosoftBand.MicrosoftBandGyroscopeDatum, Sensus.Android","AngularX":0.67073172330856323,"AngularY":-0.396341472864151,"AngularZ":-0.060975611209869385,"Id":"78abcf02-cac3-41fe-b16d-129cb95b39db","DeviceId":"e009d040232a2b50","Timestamp":"2016-10-20T18:29:19.60027+00:00","ProtocolId":"df463a57-fd92-4d66-b6ca-683dfa1c2cb4","Anonymized":true},
{"$type":"Sensus.Shared.Probes.User.MicrosoftBand.MicrosoftBandGyroscopeDatum, Sensus.Android","AngularX":0.60975611209869385,"AngularY":-0.396341472864151,"AngularZ":0.030487805604934692,"Id":"cf12ed6c-f49c-495e-861f-8d6d969553a5","DeviceId":"e009d040232a2b50","Timestamp":"2016-10-20T18:29:59.381041+00:00","ProtocolId":"df463a57-fd92-4d66-b6ca-683dfa1c2cb4","Anonymized":true},
{"$type":"Sensus.Shared.Probes.User.MicrosoftBand.MicrosoftBandGyroscopeDatum, Sensus.Android","AngularX":0.67073172330856323,"AngularY":-0.42682927846908569,"AngularZ":-0.030487805604934692,"Id":"64ab3e96-ee75-4d08-a544-de5274f20abe","DeviceId":"e009d040232a2b50","Timestamp":"2016-10-20T18:29:58.377128+00:00","ProtocolId":"df463a57-fd92-4d66-b6ca-683dfa1c2cb4","Anonymized":true},
{"$type":"Sensus.Shared.Probes.User.MicrosoftBand.MicrosoftBandGyroscopeDatum, Sensus.Android","AngularX":0.792682945728302,"AngularY":-0.45731708407402039,"AngularZ":-0.060975611209869385,"Id":"181f93ba-582e-4e9f-afba-1c22bfc5fd0a","DeviceId":"e009d040232a2b50","Timestamp":"2016-10-20T18:29:57.330335+00:00","ProtocolId":"df463a57-fd92-4d66-b6ca-683dfa1c2cb4","Anonymized":true},
{"$type":"Sensus.Shared.Probes.User.MicrosoftBand.MicrosoftBandGyroscopeDatum, Sensus.Android","AngularX":0.60975611209869385,"AngularY":-0.48780488967895508,"AngularZ":0.0,"Id":"3498c689-c650-4408-ab78-de1493f4d955","DeviceId":"e009d040232a2b50","Timestamp":"2016-10-20T18:29:56.281134+00:00","ProtocolId":"df463a57-fd92-4d66-b6ca-683dfa1c2cb4","Anonymized":true},
{"$type":"Sensus.Shared.Probes.User.MicrosoftBand.MicrosoftBandGyroscopeDatum, Sensus.Android","AngularX":0.60975611209869385,"AngularY":-0.42682927846908569,"AngularZ":-0.030487805604934692,"Id":"086f507f-c2bd-466f-a3b1-4adfdd95700f","DeviceId":"e009d040232a2b50","Timestamp":"2016-10-20T18:29:55.230325+00:00","ProtocolId":"df463a57-fd92-4d66-b6ca-683dfa1c2cb4","Anonymized":true},
{"$type":"Sensus.Shared.Probes.User.MicrosoftBand.MicrosoftBandGyroscopeDatum, Sensus.Android","AngularX":0.60975611209869385,"AngularY":-0.42682927846908569,"AngularZ":-0.030487805604934692,"Id":"6e3e1894-652e-4032-913c-aee17a1f266a","DeviceId":"e009d040232a2b50","Timestamp":"2016-10-20T18:29:54.229395+00:00","ProtocolId":"df463a57-fd92-4d66-b6ca-683dfa1c2cb4","Anonymized":true},
{"$type":"Sensus.Shared.Probes.User.MicrosoftBand.MicrosoftBandGyroscopeDatum, Sensus.Android","AngularX":0.60975611209869385,"AngularY":-0.396341472864151,"AngularZ":0.0,"Id":"49f5ea25-c577-488f-a218-c700cf1b50c5","DeviceId":"e009d040232a2b50","Timestamp":"2016-10-20T18:29:53.227393+00:00","ProtocolId":"df463a57-fd92-4d66-b6ca-683dfa1c2cb4","Anonymized":true},
{"$type":"Sensus.Shared.Probes.User.MicrosoftBand.MicrosoftBandGyroscopeDatum, Sensus.Android","AngularX":0.67073172330856323,"AngularY":-0.396341472864151,"AngularZ":-0.030487805604934692,"Id":"a8fa2156-5cde-4810-978e-36ae6b72b283","DeviceId":"e009d040232a2b50","Timestamp":"2016-10-20T18:29:52.197031+00:00","ProtocolId":"df463a57-fd92-4d66-b6ca-683dfa1c2cb4","Anonymized":true},
{"$type":"Sensus.Shared.Probes.User.MicrosoftBand.MicrosoftBandGyroscopeDatum, Sensus.Android","AngularX":0.64024388790130615,"AngularY":-0.396341472864151,"AngularZ":-0.091463416814804077,"Id":"26636851-bc39-43a5-afa2-9539feb0ff36","DeviceId":"e009d040232a2b50","Timestamp":"2016-10-20T18:29:51.161865+00:00","ProtocolId":"df463a57-fd92-4d66-b6ca-683dfa1c2cb4","Anonymized":true},
{"$type":"Sensus.Shared.Probes.User.MicrosoftBand.MicrosoftBandGyroscopeDatum, Sensus.Android","AngularX":0.64024388790130615,"AngularY":-0.45731708407402039,"AngularZ":-0.060975611209869385,"Id":"4dbb4120-3150-41df-ad87-d0485f63ae6a","DeviceId":"e009d040232a2b50","Timestamp":"2016-10-20T18:29:20.601789+00:00","ProtocolId":"df463a57-fd92-4d66-b6ca-683dfa1c2cb4","Anonymized":true},
{"$type":"Sensus.Shared.Probes.User.MicrosoftBand.MicrosoftBandGyroscopeDatum, Sensus.Android","AngularX":0.64024388790130615,"AngularY":-0.42682927846908569,"AngularZ":-0.030487805604934692,"Id":"5710364c-8e0b-4cca-b392-d6a15dec9801","DeviceId":"e009d040232a2b50","Timestamp":"2016-10-20T18:29:21.604432+00:00","ProtocolId":"df463a57-fd92-4d66-b6ca-683dfa1c2cb4","Anonymized":true},
{"$type":"Sensus.Shared.Probes.User.MicrosoftBand.MicrosoftBandGyroscopeDatum, Sensus.Android","AngularX":0.54878050088882446,"AngularY":-0.396341472864151,"AngularZ":-0.030487805604934692,"Id":"7d8c6d9d-c0ce-4182-90ad-9e77251a87fe","DeviceId":"e009d040232a2b50","Timestamp":"2016-10-20T18:29:22.636485+00:00","ProtocolId":"df463a57-fd92-4d66-b6ca-683dfa1c2cb4","Anonymized":true},
{"$type":"Sensus.Shared.Probes.User.MicrosoftBand.MicrosoftBandGyroscopeDatum, Sensus.Android","AngularX":0.60975611209869385,"AngularY":-0.42682927846908569,"AngularZ":-0.030487805604934692,"Id":"c3e607ba-4076-4859-9bf9-0da22698ce2b","DeviceId":"e009d040232a2b50","Timestamp":"2016-10-20T18:29:23.689671+00:00","ProtocolId":"df463a57-fd92-4d66-b6ca-683dfa1c2cb4","Anonymized":true},
{"$type":"Sensus.Shared.Probes.User.MicrosoftBand.MicrosoftBandGyroscopeDatum, Sensus.Android","AngularX":0.67073172330856323,"AngularY":-0.45731708407402039,"AngularZ":-0.030487805604934692,"Id":"a0cb8f41-358b-4387-871d-23e65d5cd19b","DeviceId":"e009d040232a2b50","Timestamp":"2016-10-20T18:29:24.725355+00:00","ProtocolId":"df463a57-fd92-4d66-b6ca-683dfa1c2cb4","Anonymized":true},
{"$type":"Sensus.Shared.Probes.User.MicrosoftBand.MicrosoftBandGyroscopeDatum, Sensus.Android","AngularX":0.67073172330856323,"AngularY":-0.396341472864151,"AngularZ":0.030487805604934692,"Id":"35aae7e4-a15a-4d5f-a22b-f7a9dba3838d","DeviceId":"e009d040232a2b50","Timestamp":"2016-10-20T18:29:25.736368+00:00","ProtocolId":"df463a57-fd92-4d66-b6ca-683dfa1c2cb4","Anonymized":true},
{"$type":"Sensus.Shared.Probes.User.MicrosoftBand.MicrosoftBandGyroscopeDatum, Sensus.Android","AngularX":0.70121955871582031,"AngularY":-0.42682927846908569,"AngularZ":-0.060975611209869385,"Id":"02cb35cf-06a5-4eb8-8aa9-713f3d6c6476","DeviceId":"e009d040232a2b50","Timestamp":"2016-10-20T18:29:26.750551+00:00","ProtocolId":"df463a57-fd92-4d66-b6ca-683dfa1c2cb4","Anonymized":true},
{"$type":"Sensus.Shared.Probes.User.MicrosoftBand.MicrosoftBandGyroscopeDatum, Sensus.Android","AngularX":0.73170733451843262,"AngularY":-0.396341472864151,"AngularZ":0.030487805604934692,"Id":"6a674ffd-5bad-4527-8550-4e8e2fae587a","DeviceId":"e009d040232a2b50","Timestamp":"2016-10-20T18:29:27.760004+00:00","ProtocolId":"df463a57-fd92-4d66-b6ca-683dfa1c2cb4","Anonymized":true},
{"$type":"Sensus.Shared.Probes.User.MicrosoftBand.MicrosoftBandGyroscopeDatum, Sensus.Android","AngularX":0.60975611209869385,"AngularY":-0.36585366725921631,"AngularZ":0.0,"Id":"5984fef9-5c94-47bf-9b6d-dac44475023f","DeviceId":"e009d040232a2b50","Timestamp":"2016-10-20T18:29:28.760638+00:00","ProtocolId":"df463a57-fd92-4d66-b6ca-683dfa1c2cb4","Anonymized":true},
{"$type":"Sensus.Shared.Probes.User.MicrosoftBand.MicrosoftBandGyroscopeDatum, Sensus.Android","AngularX":0.70121955871582031,"AngularY":-0.42682927846908569,"AngularZ":-0.030487805604934692,"Id":"aec6ce01-a682-4cca-8f13-58d0af479432","DeviceId":"e009d040232a2b50","Timestamp":"2016-10-20T18:29:29.760621+00:00","ProtocolId":"df463a57-fd92-4d66-b6ca-683dfa1c2cb4","Anonymized":true},
{"$type":"Sensus.Shared.Probes.User.MicrosoftBand.MicrosoftBandGyroscopeDatum, Sensus.Android","AngularX":0.67073172330856323,"AngularY":-0.42682927846908569,"AngularZ":-0.060975611209869385,"Id":"0f91950e-5f9e-49ad-85ee-9b777699fad8","DeviceId":"e009d040232a2b50","Timestamp":"2016-10-20T18:29:30.812518+00:00","ProtocolId":"df463a57-fd92-4d66-b6ca-683dfa1c2cb4","Anonymized":true},
{"$type":"Sensus.Shared.Probes.User.MicrosoftBand.MicrosoftBandGyroscopeDatum, Sensus.Android","AngularX":0.70121955871582031,"AngularY":-0.42682927846908569,"AngularZ":-0.030487805604934692,"Id":"f227ad87-b51f-4ab1-92e4-6268f62efe5a","DeviceId":"e009d040232a2b50","Timestamp":"2016-10-20T18:29:31.856133+00:00","ProtocolId":"df463a57-fd92-4d66-b6ca-683dfa1c2cb4","Anonymized":true},
{"$type":"Sensus.Shared.Probes.User.MicrosoftBand.MicrosoftBandGyroscopeDatum, Sensus.Android","AngularX":0.70121955871582031,"AngularY":-0.45731708407402039,"AngularZ":-0.060975611209869385,"Id":"bea0914f-d384-497e-91f4-49d44f737fb2","DeviceId":"e009d040232a2b50","Timestamp":"2016-10-20T18:29:32.894369+00:00","ProtocolId":"df463a57-fd92-4d66-b6ca-683dfa1c2cb4","Anonymized":true},
{"$type":"Sensus.Shared.Probes.User.MicrosoftBand.MicrosoftBandGyroscopeDatum, Sensus.Android","AngularX":0.67073172330856323,"AngularY":-0.48780488967895508,"AngularZ":0.030487805604934692,"Id":"9c02cdf2-342b-45ab-9f4c-5d2e45008ffd","DeviceId":"e009d040232a2b50","Timestamp":"2016-10-20T18:29:33.894731+00:00","ProtocolId":"df463a57-fd92-4d66-b6ca-683dfa1c2cb4","Anonymized":true},
{"$type":"Sensus.Shared.Probes.User.MicrosoftBand.MicrosoftBandGyroscopeDatum, Sensus.Android","AngularX":0.70121955871582031,"AngularY":-0.42682927846908569,"AngularZ":-0.030487805604934692,"Id":"53804d82-21f2-453a-b642-52501223ed4a","DeviceId":"e009d040232a2b50","Timestamp":"2016-10-20T18:29:34.906651+00:00","ProtocolId":"df463a57-fd92-4d66-b6ca-683dfa1c2cb4","Anonymized":true},
{"$type":"Sensus.Shared.Probes.User.MicrosoftBand.MicrosoftBandGyroscopeDatum, Sensus.Android","AngularX":0.57926833629608154,"AngularY":-0.45731708407402039,"AngularZ":-0.030487805604934692,"Id":"62732b23-3c8a-4d0a-b940-5119278b4964","DeviceId":"e009d040232a2b50","Timestamp":"2016-10-20T18:29:35.90694+00:00","ProtocolId":"df463a57-fd92-4d66-b6ca-683dfa1c2cb4","Anonymized":true},
{"$type":"Sensus.Shared.Probes.User.MicrosoftBand.MicrosoftBandGyroscopeDatum, Sensus.Android","AngularX":0.67073172330856323,"AngularY":-0.396341472864151,"AngularZ":0.030487805604934692,"Id":"fc3cd32d-09bc-42df-8146-d5fcb449a6bc","DeviceId":"e009d040232a2b50","Timestamp":"2016-10-20T18:29:36.907497+00:00","ProtocolId":"df463a57-fd92-4d66-b6ca-683dfa1c2cb4","Anonymized":true},
{"$type":"Sensus.Shared.Probes.User.MicrosoftBand.MicrosoftBandGyroscopeDatum, Sensus.Android","AngularX":0.60975611209869385,"AngularY":-0.396341472864151,"AngularZ":0.030487805604934692,"Id":"5197dbfc-92c0-4977-83da-595856fc92e6","DeviceId":"e009d040232a2b50","Timestamp":"2016-10-20T18:29:37.920245+00:00","ProtocolId":"df463a57-fd92-4d66-b6ca-683dfa1c2cb4","Anonymized":true},
{"$type":"Sensus.Shared.Probes.User.MicrosoftBand.MicrosoftBandGyroscopeDatum, Sensus.Android","AngularX":0.70121955871582031,"AngularY":-0.42682927846908569,"AngularZ":0.0,"Id":"3e3a7724-ed89-48a5-8bfa-2651d8ad8c25","DeviceId":"e009d040232a2b50","Timestamp":"2016-10-20T18:29:38.927733+00:00","ProtocolId":"df463a57-fd92-4d66-b6ca-683dfa1c2cb4","Anonymized":true},
{"$type":"Sensus.Shared.Probes.User.MicrosoftBand.MicrosoftBandGyroscopeDatum, Sensus.Android","AngularX":0.73170733451843262,"AngularY":-0.36585366725921631,"AngularZ":0.030487805604934692,"Id":"6724b889-4fbe-4b09-96ea-9d46c158304a","DeviceId":"e009d040232a2b50","Timestamp":"2016-10-20T18:29:39.930251+00:00","ProtocolId":"df463a57-fd92-4d66-b6ca-683dfa1c2cb4","Anonymized":true},
{"$type":"Sensus.Shared.Probes.User.MicrosoftBand.MicrosoftBandGyroscopeDatum, Sensus.Android","AngularX":0.67073172330856323,"AngularY":-0.42682927846908569,"AngularZ":0.0,"Id":"59c029d9-704d-4266-bcbe-c9cce770ebbd","DeviceId":"e009d040232a2b50","Timestamp":"2016-10-20T18:29:40.957197+00:00","ProtocolId":"df463a57-fd92-4d66-b6ca-683dfa1c2cb4","Anonymized":true},
{"$type":"Sensus.Shared.Probes.User.MicrosoftBand.MicrosoftBandGyroscopeDatum, Sensus.Android","AngularX":0.64024388790130615,"AngularY":-0.45731708407402039,"AngularZ":0.0,"Id":"6a4efff5-f2db-40b2-b542-e0879b4c3bf8","DeviceId":"e009d040232a2b50","Timestamp":"2016-10-20T18:29:41.96119+00:00","ProtocolId":"df463a57-fd92-4d66-b6ca-683dfa1c2cb4","Anonymized":true},
{"$type":"Sensus.Shared.Probes.User.MicrosoftBand.MicrosoftBandGyroscopeDatum, Sensus.Android","AngularX":0.64024388790130615,"AngularY":-0.36585366725921631,"AngularZ":-0.060975611209869385,"Id":"8484a119-1f53-44c0-a314-29229f77ef50","DeviceId":"e009d040232a2b50","Timestamp":"2016-10-20T18:29:42.972139+00:00","ProtocolId":"df463a57-fd92-4d66-b6ca-683dfa1c2cb4","Anonymized":true},
{"$type":"Sensus.Shared.Probes.User.MicrosoftBand.MicrosoftBandGyroscopeDatum, Sensus.Android","AngularX":0.60975611209869385,"AngularY":-0.42682927846908569,"AngularZ":-0.030487805604934692,"Id":"b2ca5b97-33a9-4622-8c1a-39862f658b95","DeviceId":"e009d040232a2b50","Timestamp":"2016-10-20T18:29:43.972453+00:00","ProtocolId":"df463a57-fd92-4d66-b6ca-683dfa1c2cb4","Anonymized":true},
{"$type":"Sensus.Shared.Probes.User.MicrosoftBand.MicrosoftBandGyroscopeDatum, Sensus.Android","AngularX":0.54878050088882446,"AngularY":-0.42682927846908569,"AngularZ":-0.030487805604934692,"Id":"20d4d895-e91e-40d0-a17d-745123a66420","DeviceId":"e009d040232a2b50","Timestamp":"2016-10-20T18:29:44.97692+00:00","ProtocolId":"df463a57-fd92-4d66-b6ca-683dfa1c2cb4","Anonymized":true},
{"$type":"Sensus.Shared.Probes.User.MicrosoftBand.MicrosoftBandGyroscopeDatum, Sensus.Android","AngularX":0.64024388790130615,"AngularY":-0.396341472864151,"AngularZ":-0.060975611209869385,"Id":"9577b06b-9bc6-4dfa-becf-e5c77dbfe00c","DeviceId":"e009d040232a2b50","Timestamp":"2016-10-20T18:29:46.024181+00:00","ProtocolId":"df463a57-fd92-4d66-b6ca-683dfa1c2cb4","Anonymized":true},
{"$type":"Sensus.Shared.Probes.User.MicrosoftBand.MicrosoftBandGyroscopeDatum, Sensus.Android","AngularX":0.57926833629608154,"AngularY":-0.36585366725921631,"AngularZ":-0.060975611209869385,"Id":"9650fff3-4cb2-4901-ba27-a1f96b51ddf1","DeviceId":"e009d040232a2b50","Timestamp":"2016-10-20T18:29:47.0604+00:00","ProtocolId":"df463a57-fd92-4d66-b6ca-683dfa1c2cb4","Anonymized":true},
{"$type":"Sensus.Shared.Probes.User.MicrosoftBand.MicrosoftBandGyroscopeDatum, Sensus.Android","AngularX":0.57926833629608154,"AngularY":-0.42682927846908569,"AngularZ":0.030487805604934692,"Id":"235df8b6-4206-44ac-bf2a-bfe83f1602ce","DeviceId":"e009d040232a2b50","Timestamp":"2016-10-20T18:29:48.065493+00:00","ProtocolId":"df463a57-fd92-4d66-b6ca-683dfa1c2cb4","Anonymized":true},
{"$type":"Sensus.Shared.Probes.User.MicrosoftBand.MicrosoftBandGyroscopeDatum, Sensus.Android","AngularX":0.73170733451843262,"AngularY":-0.48780488967895508,"AngularZ":-0.060975611209869385,"Id":"0168f330-2392-4ed0-9a83-32003ee4a60f","DeviceId":"e009d040232a2b50","Timestamp":"2016-10-20T18:29:49.075039+00:00","ProtocolId":"df463a57-fd92-4d66-b6ca-683dfa1c2cb4","Anonymized":true},
{"$type":"Sensus.Shared.Probes.User.MicrosoftBand.MicrosoftBandGyroscopeDatum, Sensus.Android","AngularX":0.64024388790130615,"AngularY":-0.36585366725921631,"AngularZ":-0.030487805604934692,"Id":"9ada0668-4bd5-4b7c-ad7b-4b62ed54fa54","DeviceId":"e009d040232a2b50","Timestamp":"2016-10-20T18:29:50.123856+00:00","ProtocolId":"df463a57-fd92-4d66-b6ca-683dfa1c2cb4","Anonymized":true},
{"$type":"Sensus.Shared.Probes.User.MicrosoftBand.MicrosoftBandGyroscopeDatum, Sensus.Android","AngularX":0.57926833629608154,"AngularY":-0.396341472864151,"AngularZ":-0.030487805604934692,"Id":"ad7908d4-ddb5-4f50-81b4-3369c615b032","DeviceId":"e009d040232a2b50","Timestamp":"2016-10-20T18:30:00.387657+00:00","ProtocolId":"df463a57-fd92-4d66-b6ca-683dfa1c2cb4","Anonymized":true},
{"$type":"Sensus.Shared.Probes.User.MicrosoftBand.MicrosoftBandGyroscopeDatum, Sensus.Android","AngularX":0.64024388790130615,"AngularY":-0.48780488967895508,"AngularZ":-0.030487805604934692,"Id":"dee36244-7f79-4b8d-bfb7-f198620f74e6","DeviceId":"e009d040232a2b50","Timestamp":"2016-10-20T18:30:01.392489+00:00","ProtocolId":"df463a57-fd92-4d66-b6ca-683dfa1c2cb4","Anonymized":true},
{"$type":"Sensus.Shared.Probes.User.MicrosoftBand.MicrosoftBandGyroscopeDatum, Sensus.Android","AngularX":0.64024388790130615,"AngularY":-0.396341472864151,"AngularZ":-0.091463416814804077,"Id":"2c86fe06-d298-4145-ab7f-728506eec40d","DeviceId":"e009d040232a2b50","Timestamp":"2016-10-20T18:30:02.405192+00:00","ProtocolId":"df463a57-fd92-4d66-b6ca-683dfa1c2cb4","Anonymized":true},
{"$type":"Sensus.Shared.Probes.User.MicrosoftBand.MicrosoftBandGyroscopeDatum, Sensus.Android","AngularX":0.70121955871582031,"AngularY":-0.42682927846908569,"AngularZ":-0.030487805604934692,"Id":"7922a6c6-aee7-4e31-b582-4666bbe1f0fb","DeviceId":"e009d040232a2b50","Timestamp":"2016-10-20T18:30:03.413119+00:00","ProtocolId":"df463a57-fd92-4d66-b6ca-683dfa1c2cb4","Anonymized":true},
{"$type":"Sensus.Shared.Probes.User.MicrosoftBand.MicrosoftBandGyroscopeDatum, Sensus.Android","AngularX":0.57926833629608154,"AngularY":-0.396341472864151,"AngularZ":0.0,"Id":"b1218cd6-f7e2-4541-a88c-eb0c8c85ebc5","DeviceId":"e009d040232a2b50","Timestamp":"2016-10-20T18:30:04.41506+00:00","ProtocolId":"df463a57-fd92-4d66-b6ca-683dfa1c2cb4","Anonymized":true},
{"$type":"Sensus.Shared.Probes.User.MicrosoftBand.MicrosoftBandGyroscopeDatum, Sensus.Android","AngularX":0.60975611209869385,"AngularY":-0.42682927846908569,"AngularZ":0.030487805604934692,"Id":"c2a7cf4c-a4b6-41a6-ac71-ca044e2e62cf","DeviceId":"e009d040232a2b50","Timestamp":"2016-10-20T18:30:05.43111+00:00","ProtocolId":"df463a57-fd92-4d66-b6ca-683dfa1c2cb4","Anonymized":true},
{"$type":"Sensus.Shared.Probes.User.MicrosoftBand.MicrosoftBandGyroscopeDatum, Sensus.Android","AngularX":0.60975611209869385,"AngularY":-0.42682927846908569,"AngularZ":-0.030487805604934692,"Id":"515b32a6-0e78-4952-8f00-6c17c1f5e19f","DeviceId":"e009d040232a2b50","Timestamp":"2016-10-20T18:30:06.482569+00:00","ProtocolId":"df463a57-fd92-4d66-b6ca-683dfa1c2cb4","Anonymized":true},
{"$type":"Sensus.Shared.Probes.User.MicrosoftBand.MicrosoftBandGyroscopeDatum, Sensus.Android","AngularX":0.60975611209869385,"AngularY":-0.42682927846908569,"AngularZ":0.030487805604934692,"Id":"4f267612-7142-455c-b409-bf0675e5cb97","DeviceId":"e009d040232a2b50","Timestamp":"2016-10-20T18:30:07.499744+00:00","ProtocolId":"df463a57-fd92-4d66-b6ca-683dfa1c2cb4","Anonymized":true},
{"$type":"Sensus.Shared.Probes.User.MicrosoftBand.MicrosoftBandGyroscopeDatum, Sensus.Android","AngularX":0.57926833629608154,"AngularY":-0.396341472864151,"AngularZ":-0.091463416814804077,"Id":"f3c40b62-650a-4f71-812a-8fe8b47b8ddd","DeviceId":"e009d040232a2b50","Timestamp":"2016-10-20T18:30:08.520096+00:00","ProtocolId":"df463a57-fd92-4d66-b6ca-683dfa1c2cb4","Anonymized":true},
{"$type":"Sensus.Shared.Probes.User.MicrosoftBand.MicrosoftBandGyroscopeDatum, Sensus.Android","AngularX":0.57926833629608154,"AngularY":-0.36585366725921631,"AngularZ":0.0,"Id":"5e8ced28-f33c-4ec7-897d-ef1682f4acb0","DeviceId":"e009d040232a2b50","Timestamp":"2016-10-20T18:30:09.551943+00:00","ProtocolId":"df463a57-fd92-4d66-b6ca-683dfa1c2cb4","Anonymized":true},
{"$type":"Sensus.Shared.Probes.User.MicrosoftBand.MicrosoftBandGyroscopeDatum, Sensus.Android","AngularX":0.70121955871582031,"AngularY":-0.45731708407402039,"AngularZ":-0.060975611209869385,"Id":"0af10147-2d2a-4fa3-a11d-b7bcf3da1e23","DeviceId":"e009d040232a2b50","Timestamp":"2016-10-20T18:30:19.65478+00:00","ProtocolId":"df463a57-fd92-4d66-b6ca-683dfa1c2cb4","Anonymized":true},
{"$type":"Sensus.Shared.Probes.User.MicrosoftBand.MicrosoftBandGyroscopeDatum, Sensus.Android","AngularX":0.57926833629608154,"AngularY":-0.45731708407402039,"AngularZ":0.0,"Id":"bd229a2c-02bc-479c-accb-316da0c88253","DeviceId":"e009d040232a2b50","Timestamp":"2016-10-20T18:30:18.651639+00:00","ProtocolId":"df463a57-fd92-4d66-b6ca-683dfa1c2cb4","Anonymized":true},
{"$type":"Sensus.Shared.Probes.User.MicrosoftBand.MicrosoftBandGyroscopeDatum, Sensus.Android","AngularX":0.67073172330856323,"AngularY":-0.45731708407402039,"AngularZ":-0.060975611209869385,"Id":"f8cddf7e-fb3b-404c-a287-637e4b420979","DeviceId":"e009d040232a2b50","Timestamp":"2016-10-20T18:30:17.636746+00:00","ProtocolId":"df463a57-fd92-4d66-b6ca-683dfa1c2cb4","Anonymized":true},
{"$type":"Sensus.Shared.Probes.User.MicrosoftBand.MicrosoftBandGyroscopeDatum, Sensus.Android","AngularX":0.51829266548156738,"AngularY":-0.42682927846908569,"AngularZ":-0.030487805604934692,"Id":"7997f152-e995-41af-b1b6-ce6c563de2c5","DeviceId":"e009d040232a2b50","Timestamp":"2016-10-20T18:30:16.627443+00:00","ProtocolId":"df463a57-fd92-4d66-b6ca-683dfa1c2cb4","Anonymized":true},
{"$type":"Sensus.Shared.Probes.User.MicrosoftBand.MicrosoftBandGyroscopeDatum, Sensus.Android","AngularX":0.67073172330856323,"AngularY":-0.42682927846908569,"AngularZ":-0.030487805604934692,"Id":"0c0135b4-1f19-4aaa-ba4f-70a07ceab61c","DeviceId":"e009d040232a2b50","Timestamp":"2016-10-20T18:30:15.625291+00:00","ProtocolId":"df463a57-fd92-4d66-b6ca-683dfa1c2cb4","Anonymized":true},
{"$type":"Sensus.Shared.Probes.User.MicrosoftBand.MicrosoftBandGyroscopeDatum, Sensus.Android","AngularX":0.57926833629608154,"AngularY":-0.45731708407402039,"AngularZ":-0.030487805604934692,"Id":"3fc7b9ef-247f-4666-8051-9fda4333f88b","DeviceId":"e009d040232a2b50","Timestamp":"2016-10-20T18:30:14.594352+00:00","ProtocolId":"df463a57-fd92-4d66-b6ca-683dfa1c2cb4","Anonymized":true},
{"$type":"Sensus.Shared.Probes.User.MicrosoftBand.MicrosoftBandGyroscopeDatum, Sensus.Android","AngularX":0.57926833629608154,"AngularY":-0.30487805604934692,"AngularZ":0.0,"Id":"e662383e-8ffb-455e-8050-5a3fc496be1b","DeviceId":"e009d040232a2b50","Timestamp":"2016-10-20T18:30:13.585132+00:00","ProtocolId":"df463a57-fd92-4d66-b6ca-683dfa1c2cb4","Anonymized":true},
{"$type":"Sensus.Shared.Probes.User.MicrosoftBand.MicrosoftBandGyroscopeDatum, Sensus.Android","AngularX":0.60975611209869385,"AngularY":-0.396341472864151,"AngularZ":0.030487805604934692,"Id":"38e74a38-6c45-45ca-a755-f14423f21ea8","DeviceId":"e009d040232a2b50","Timestamp":"2016-10-20T18:30:12.581943+00:00","ProtocolId":"df463a57-fd92-4d66-b6ca-683dfa1c2cb4","Anonymized":true},
{"$type":"Sensus.Shared.Probes.User.MicrosoftBand.MicrosoftBandGyroscopeDatum, Sensus.Android","AngularX":0.60975611209869385,"AngularY":-0.42682927846908569,"AngularZ":-0.030487805604934692,"Id":"d35b5020-a802-4519-8eec-bfa01f02a3b8","DeviceId":"e009d040232a2b50","Timestamp":"2016-10-20T18:30:11.562626+00:00","ProtocolId":"df463a57-fd92-4d66-b6ca-683dfa1c2cb4","Anonymized":true},
{"$type":"Sensus.Shared.Probes.User.MicrosoftBand.MicrosoftBandGyroscopeDatum, Sensus.Android","AngularX":0.64024388790130615,"AngularY":-0.396341472864151,"AngularZ":0.0,"Id":"e74c8b9a-9ea0-4ba4-950b-4252eba81075","DeviceId":"e009d040232a2b50","Timestamp":"2016-10-20T18:30:10.561934+00:00","ProtocolId":"df463a57-fd92-4d66-b6ca-683dfa1c2cb4","Anonymized":true},
{"$type":"Sensus.Shared.Probes.User.MicrosoftBand.MicrosoftBandGyroscopeDatum, Sensus.Android","AngularX":0.60975611209869385,"AngularY":-0.42682927846908569,"AngularZ":0.0,"Id":"64273d36-799a-4068-9f22-32c0d59a9569","DeviceId":"e009d040232a2b50","Timestamp":"2016-10-20T18:30:20.655264+00:00","ProtocolId":"df463a57-fd92-4d66-b6ca-683dfa1c2cb4","Anonymized":true},
{"$type":"Sensus.Shared.Probes.User.MicrosoftBand.MicrosoftBandGyroscopeDatum, Sensus.Android","AngularX":0.60975611209869385,"AngularY":-0.396341472864151,"AngularZ":-0.030487805604934692,"Id":"375b167e-ccf3-4751-b67b-1444f5f44040","DeviceId":"e009d040232a2b50","Timestamp":"2016-10-20T18:30:21.660552+00:00","ProtocolId":"df463a57-fd92-4d66-b6ca-683dfa1c2cb4","Anonymized":true},
{"$type":"Sensus.Shared.Probes.User.MicrosoftBand.MicrosoftBandGyroscopeDatum, Sensus.Android","AngularX":0.64024388790130615,"AngularY":-0.45731708407402039,"AngularZ":-0.060975611209869385,"Id":"7d7d9c4d-0eeb-481c-95e9-54845e531b44","DeviceId":"e009d040232a2b50","Timestamp":"2016-10-20T18:30:22.668485+00:00","ProtocolId":"df463a57-fd92-4d66-b6ca-683dfa1c2cb4","Anonymized":true},
{"$type":"Sensus.Shared.Probes.User.MicrosoftBand.MicrosoftBandGyroscopeDatum, Sensus.Android","AngularX":0.76219511032104492,"AngularY":-0.42682927846908569,"AngularZ":0.0,"Id":"bce6751d-04f9-4e5d-90c5-2cba487f72f0","DeviceId":"e009d040232a2b50","Timestamp":"2016-10-20T18:30:23.701685+00:00","ProtocolId":"df463a57-fd92-4d66-b6ca-683dfa1c2cb4","Anonymized":true},
{"$type":"Sensus.Shared.Probes.User.MicrosoftBand.MicrosoftBandGyroscopeDatum, Sensus.Android","AngularX":0.60975611209869385,"AngularY":-0.42682927846908569,"AngularZ":-0.060975611209869385,"Id":"8c617235-b0fa-4a45-b538-ff6ab0e12b5e","DeviceId":"e009d040232a2b50","Timestamp":"2016-10-20T18:30:24.751742+00:00","ProtocolId":"df463a57-fd92-4d66-b6ca-683dfa1c2cb4","Anonymized":true},
{"$type":"Sensus.Shared.Probes.User.MicrosoftBand.MicrosoftBandGyroscopeDatum, Sensus.Android","AngularX":0.70121955871582031,"AngularY":-0.36585366725921631,"AngularZ":-0.030487805604934692,"Id":"44d4bfe1-ee55-4023-b338-1fb297170671","DeviceId":"e009d040232a2b50","Timestamp":"2016-10-20T18:30:25.777055+00:00","ProtocolId":"df463a57-fd92-4d66-b6ca-683dfa1c2cb4","Anonymized":true},
{"$type":"Sensus.Shared.Probes.User.MicrosoftBand.MicrosoftBandGyroscopeDatum, Sensus.Android","AngularX":0.67073172330856323,"AngularY":-0.48780488967895508,"AngularZ":-0.060975611209869385,"Id":"c029edf2-e6fe-4988-9889-d8d9d313f00d","DeviceId":"e009d040232a2b50","Timestamp":"2016-10-20T18:30:26.808332+00:00","ProtocolId":"df463a57-fd92-4d66-b6ca-683dfa1c2cb4","Anonymized":true},
{"$type":"Sensus.Shared.Probes.User.MicrosoftBand.MicrosoftBandGyroscopeDatum, Sensus.Android","AngularX":0.60975611209869385,"AngularY":-0.42682927846908569,"AngularZ":0.0,"Id":"fe36587f-aa5c-4d76-b3a6-5ee04b6a337d","DeviceId":"e009d040232a2b50","Timestamp":"2016-10-20T18:30:27.810111+00:00","ProtocolId":"df463a57-fd92-4d66-b6ca-683dfa1c2cb4","Anonymized":true},
{"$type":"Sensus.Shared.Probes.User.MicrosoftBand.MicrosoftBandGyroscopeDatum, Sensus.Android","AngularX":0.64024388790130615,"AngularY":-0.33536586165428162,"AngularZ":-0.060975611209869385,"Id":"9bca15d7-a40d-4e07-993c-8131d49b1be2","DeviceId":"e009d040232a2b50","Timestamp":"2016-10-20T18:30:28.811451+00:00","ProtocolId":"df463a57-fd92-4d66-b6ca-683dfa1c2cb4","Anonymized":true},
{"$type":"Sensus.Shared.Probes.User.MicrosoftBand.MicrosoftBandGyroscopeDatum, Sensus.Android","AngularX":0.64024388790130615,"AngularY":-0.396341472864151,"AngularZ":-0.030487805604934692,"Id":"8ccad198-1582-45f5-9acd-c16c7611be0b","DeviceId":"e009d040232a2b50","Timestamp":"2016-10-20T18:30:29.844151+00:00","ProtocolId":"df463a57-fd92-4d66-b6ca-683dfa1c2cb4","Anonymized":true},
{"$type":"Sensus.Shared.Probes.User.MicrosoftBand.MicrosoftBandGyroscopeDatum, Sensus.Android","AngularX":0.67073172330856323,"AngularY":-0.51829266548156738,"AngularZ":-0.060975611209869385,"Id":"c6e4276a-d346-437f-ae45-6ca9e74c9452","DeviceId":"e009d040232a2b50","Timestamp":"2016-10-20T18:30:30.878631+00:00","ProtocolId":"df463a57-fd92-4d66-b6ca-683dfa1c2cb4","Anonymized":true},
{"$type":"Sensus.Shared.Probes.User.MicrosoftBand.MicrosoftBandGyroscopeDatum, Sensus.Android","AngularX":0.60975611209869385,"AngularY":-0.48780488967895508,"AngularZ":0.030487805604934692,"Id":"b1a81d93-eba9-4d41-b840-1b6681aa86d0","DeviceId":"e009d040232a2b50","Timestamp":"2016-10-20T18:30:31.885468+00:00","ProtocolId":"df463a57-fd92-4d66-b6ca-683dfa1c2cb4","Anonymized":true},
{"$type":"Sensus.Shared.Probes.User.MicrosoftBand.MicrosoftBandGyroscopeDatum, Sensus.Android","AngularX":0.67073172330856323,"AngularY":-0.45731708407402039,"AngularZ":0.0,"Id":"9eed46e3-5e52-4c71-9f4d-3c1c4022ff6b","DeviceId":"e009d040232a2b50","Timestamp":"2016-10-20T18:30:32.893308+00:00","ProtocolId":"df463a57-fd92-4d66-b6ca-683dfa1c2cb4","Anonymized":true},
{"$type":"Sensus.Shared.Probes.User.MicrosoftBand.MicrosoftBandGyroscopeDatum, Sensus.Android","AngularX":0.60975611209869385,"AngularY":-0.396341472864151,"AngularZ":-0.030487805604934692,"Id":"f7432e33-f35d-4201-b762-11b922fba7c0","DeviceId":"e009d040232a2b50","Timestamp":"2016-10-20T18:30:33.928217+00:00","ProtocolId":"df463a57-fd92-4d66-b6ca-683dfa1c2cb4","Anonymized":true},
{"$type":"Sensus.Shared.Probes.User.MicrosoftBand.MicrosoftBandGyroscopeDatum, Sensus.Android","AngularX":0.57926833629608154,"AngularY":-0.36585366725921631,"AngularZ":0.0,"Id":"015ec922-aef1-4958-8e10-37768644d485","DeviceId":"e009d040232a2b50","Timestamp":"2016-10-20T18:30:34.957422+00:00","ProtocolId":"df463a57-fd92-4d66-b6ca-683dfa1c2cb4","Anonymized":true},
{"$type":"Sensus.Shared.Probes.User.MicrosoftBand.MicrosoftBandGyroscopeDatum, Sensus.Android","AngularX":0.60975611209869385,"AngularY":-0.51829266548156738,"AngularZ":0.0,"Id":"e31ed997-c764-46a3-87b9-fa0e89f17cf4","DeviceId":"e009d040232a2b50","Timestamp":"2016-10-20T18:30:36.001994+00:00","ProtocolId":"df463a57-fd92-4d66-b6ca-683dfa1c2cb4","Anonymized":true},
{"$type":"Sensus.Shared.Probes.User.MicrosoftBand.MicrosoftBandGyroscopeDatum, Sensus.Android","AngularX":0.57926833629608154,"AngularY":-0.42682927846908569,"AngularZ":0.030487805604934692,"Id":"36e2e6fd-2e65-4c01-b123-b9953179a40c","DeviceId":"e009d040232a2b50","Timestamp":"2016-10-20T18:30:37.003941+00:00","ProtocolId":"df463a57-fd92-4d66-b6ca-683dfa1c2cb4","Anonymized":true},
{"$type":"Sensus.Shared.Probes.User.MicrosoftBand.MicrosoftBandGyroscopeDatum, Sensus.Android","AngularX":0.54878050088882446,"AngularY":-0.396341472864151,"AngularZ":-0.060975611209869385,"Id":"97b6c0d1-dd0d-4354-be0f-8429cf036a7c","DeviceId":"e009d040232a2b50","Timestamp":"2016-10-20T18:30:38.011809+00:00","ProtocolId":"df463a57-fd92-4d66-b6ca-683dfa1c2cb4","Anonymized":true},
{"$type":"Sensus.Shared.Probes.User.MicrosoftBand.MicrosoftBandGyroscopeDatum, Sensus.Android","AngularX":0.57926833629608154,"AngularY":-0.42682927846908569,"AngularZ":-0.091463416814804077,"Id":"cfa2ffb6-3941-4825-a4c8-529e86ef70b4","DeviceId":"e009d040232a2b50","Timestamp":"2016-10-20T18:30:39.044657+00:00","ProtocolId":"df463a57-fd92-4d66-b6ca-683dfa1c2cb4","Anonymized":true},
{"$type":"Sensus.Shared.Probes.User.MicrosoftBand.MicrosoftBandGyroscopeDatum, Sensus.Android","AngularX":0.64024388790130615,"AngularY":-0.396341472864151,"AngularZ":0.0,"Id":"9e82558a-b637-471f-9fa6-8b95104bf6fd","DeviceId":"e009d040232a2b50","Timestamp":"2016-10-20T18:30:40.046838+00:00","ProtocolId":"df463a57-fd92-4d66-b6ca-683dfa1c2cb4","Anonymized":true},
{"$type":"Sensus.Shared.Probes.User.MicrosoftBand.MicrosoftBandGyroscopeDatum, Sensus.Android","AngularX":0.57926833629608154,"AngularY":-0.36585366725921631,"AngularZ":0.030487805604934692,"Id":"1d6ab998-d65d-41f1-a195-85f9e1ce6485","DeviceId":"e009d040232a2b50","Timestamp":"2016-10-20T18:30:41.0496+00:00","ProtocolId":"df463a57-fd92-4d66-b6ca-683dfa1c2cb4","Anonymized":true},
{"$type":"Sensus.Shared.Probes.User.MicrosoftBand.MicrosoftBandGyroscopeDatum, Sensus.Android","AngularX":0.64024388790130615,"AngularY":-0.45731708407402039,"AngularZ":0.0,"Id":"f255368c-48f8-4192-9133-6c9b5a0c1236","DeviceId":"e009d040232a2b50","Timestamp":"2016-10-20T18:30:42.10567+00:00","ProtocolId":"df463a57-fd92-4d66-b6ca-683dfa1c2cb4","Anonymized":true},
{"$type":"Sensus.Shared.Probes.User.MicrosoftBand.MicrosoftBandGyroscopeDatum, Sensus.Android","AngularX":0.67073172330856323,"AngularY":-0.45731708407402039,"AngularZ":-0.091463416814804077,"Id":"4d2a3aa2-8dd5-4740-ac11-29122f7fb2e5","DeviceId":"e009d040232a2b50","Timestamp":"2016-10-20T18:30:43.136324+00:00","ProtocolId":"df463a57-fd92-4d66-b6ca-683dfa1c2cb4","Anonymized":true},
{"$type":"Sensus.Shared.Probes.User.MicrosoftBand.MicrosoftBandGyroscopeDatum, Sensus.Android","AngularX":0.64024388790130615,"AngularY":-0.45731708407402039,"AngularZ":0.030487805604934692,"Id":"41f6a52c-d6be-4f10-9357-581c733c538d","DeviceId":"e009d040232a2b50","Timestamp":"2016-10-20T18:30:44.148287+00:00","ProtocolId":"df463a57-fd92-4d66-b6ca-683dfa1c2cb4","Anonymized":true},
{"$type":"Sensus.Shared.Probes.User.MicrosoftBand.MicrosoftBandGyroscopeDatum, Sensus.Android","AngularX":0.64024388790130615,"AngularY":-0.42682927846908569,"AngularZ":-0.060975611209869385,"Id":"60c395fc-38ff-4e01-9e5b-ac11f57344cf","DeviceId":"e009d040232a2b50","Timestamp":"2016-10-20T18:30:45.18726+00:00","ProtocolId":"df463a57-fd92-4d66-b6ca-683dfa1c2cb4","Anonymized":true},
{"$type":"Sensus.Shared.Probes.User.MicrosoftBand.MicrosoftBandGyroscopeDatum, Sensus.Android","AngularX":0.60975611209869385,"AngularY":-0.45731708407402039,"AngularZ":-0.060975611209869385,"Id":"b0105c7b-ae72-4471-ba0c-ed8c0589c9f9","DeviceId":"e009d040232a2b50","Timestamp":"2016-10-20T18:30:46.189089+00:00","ProtocolId":"df463a57-fd92-4d66-b6ca-683dfa1c2cb4","Anonymized":true},
{"$type":"Sensus.Shared.Probes.User.MicrosoftBand.MicrosoftBandGyroscopeDatum, Sensus.Android","AngularX":0.64024388790130615,"AngularY":-0.42682927846908569,"AngularZ":-0.060975611209869385,"Id":"19171443-2cc5-488b-82d7-2c0db76fe11b","DeviceId":"e009d040232a2b50","Timestamp":"2016-10-20T18:30:47.217777+00:00","ProtocolId":"df463a57-fd92-4d66-b6ca-683dfa1c2cb4","Anonymized":true},
{"$type":"Sensus.Shared.Probes.User.MicrosoftBand.MicrosoftBandGyroscopeDatum, Sensus.Android","AngularX":0.73170733451843262,"AngularY":-0.42682927846908569,"AngularZ":0.0,"Id":"641c7582-16e8-4f4b-b3ec-94ec5739f3b6","DeviceId":"e009d040232a2b50","Timestamp":"2016-10-20T18:30:48.227365+00:00","ProtocolId":"df463a57-fd92-4d66-b6ca-683dfa1c2cb4","Anonymized":true},
{"$type":"Sensus.Shared.Probes.User.MicrosoftBand.MicrosoftBandGyroscopeDatum, Sensus.Android","AngularX":0.57926833629608154,"AngularY":-0.42682927846908569,"AngularZ":-0.060975611209869385,"Id":"ffb31842-3fda-4d96-8b4f-d41a04327407","DeviceId":"e009d040232a2b50","Timestamp":"2016-10-20T18:30:49.231458+00:00","ProtocolId":"df463a57-fd92-4d66-b6ca-683dfa1c2cb4","Anonymized":true},
{"$type":"Sensus.Shared.Probes.User.MicrosoftBand.MicrosoftBandGyroscopeDatum, Sensus.Android","AngularX":0.64024388790130615,"AngularY":-0.45731708407402039,"AngularZ":0.030487805604934692,"Id":"da071cd2-6ac6-4015-9c21-0e9833b1a2c3","DeviceId":"e009d040232a2b50","Timestamp":"2016-10-20T18:30:50.237198+00:00","ProtocolId":"df463a57-fd92-4d66-b6ca-683dfa1c2cb4","Anonymized":true}
]