[
{"$type":"Sensus.Shared.ProtocolReportDatum, Sensus.Android","Error":"","Warning":"","Misc":"FileLocalDataStore - added:  83231\nFileLocalDataStore - in memory:  3\nFileLocalDataStore - committed:  79531\nFileLocalDataStore - local size:  2.3 MB\nNumber of files (FileLocalDataStore):  4\nAverage file size (MB) (FileLocalDataStore):  0.57\nAmazonS3RemoteDataStore - added:  0\nAmazonS3RemoteDataStore - in memory:  0\nAmazonS3RemoteDataStore - committed:  77983\nWake lock count:  3\n","OperatingSystem":"Android M","ProbeParticipation":{"$type":"System.Collections.Generic.Dictionary`2[[System.String, mscorlib],[System.Single, mscorlib]], mscorlib","Sensus.Android.Probes.Movement.AndroidAccelerometerProbe":0.0069444445,"Sensus.Shared.Probes.Location.ListeningLocationProbe":0.0069444445,"Sensus.Shared.Probes.Location.PollingLocationProbe":0.007881944,"Sensus.Shared.Probes.Movement.ListeningSpeedProbe":0.0069444445,"Sensus.Shared.Probes.Movement.PollingSpeedProbe":0.00782407448,"Sensus.Shared.Probes.User.MicrosoftBand.MicrosoftBandAccelerometerProbe":0.0069444445,"Sensus.Shared.Probes.User.MicrosoftBand.MicrosoftBandGyroscopeProbe":0.0069444445,"Sensus.Shared.Probes.User.MicrosoftBand.MicrosoftBandHeartRateProbe":0.0069444445,"Sensus.Shared.Probes.User.MicrosoftBand.MicrosoftBandSkinTemperatureProbe":0.0069444445},"Id":"22623027-be98-4616-baf2-b9cc1c29d8f9","DeviceId":"e009d040232a2b50","Timestamp":"2016-10-20T18:25:35.760131+00:00","ProtocolId":null,"Anonymized":true},
{"$type":"Sensus.Shared.ProtocolReportDatum, Sensus.Android","Error":"","Warning":"Datastore \"Sensus.Shared.DataStores.Remote.AmazonS3RemoteDataStore\" has not committed data in 901245.431ms (commit delay = 60000ms).\nProbe \"Sensus.Shared.Probes.Movement.PollingSpeedProbe\" has not stored data in 855993.208ms (polling delay = 15000ms).\n","Misc":"FileLocalDataStore - added:  79805\nFileLocalDataStore - in memory:  5\nFileLocalDataStore - committed:  78587\nFileLocalDataStore - local size:  0.3 MB\nNumber of files (FileLocalDataStore):  2\nAverage file size (MB) (FileLocalDataStore):  0.16\nAmazonS3RemoteDataStore - added:  0\nAmazonS3RemoteDataStore - in memory:  0\nAmazonS3RemoteDataStore - committed:  77983\nWake lock count:  6\n","OperatingSystem":"Android M","ProbeParticipation":{"$type":"System.Collections.Generic.Dictionary`2[[System.String, mscorlib],[System.Single, mscorlib]], mscorlib","Sensus.Android.Probes.Movement.AndroidAccelerometerProbe":0.0069444445,"Sensus.Shared.Probes.Location.ListeningLocationProbe":0.0069444445,"Sensus.Shared.Probes.Location.PollingLocationProbe":0.007650463,"Sensus.Shared.Probes.Movement.ListeningSpeedProbe":0.0069444445,"Sensus.Shared.Probes.Movement.PollingSpeedProbe":0.00759837963,"Sensus.Shared.Probes.User.MicrosoftBand.MicrosoftBandAccelerometerProbe":0.0069444445,"Sensus.Shared.Probes.User.MicrosoftBand.MicrosoftBandGyroscopeProbe":0.0069444445,"Sensus.Shared.Probes.User.MicrosoftBand.MicrosoftBandHeartRateProbe":0.0069444445,"Sensus.Shared.Probes.User.MicrosoftBand.MicrosoftBandSkinTemperatureProbe":0.0069444445},"Id":"213b3d16-f074-46e0-b0cb-47e7df5ef19b","DeviceId":"e009d040232a2b50","Timestamp":"2016-10-19T23:58:06.393861+00:00","ProtocolId":null,"Anonymized":true},
{"$type":"Sensus.Shared.ProtocolReportDatum, Sensus.Android","Error":"","Warning":"Datastore \"Sensus.Shared.DataStores.Remote.AmazonS3RemoteDataStore\" has not committed data in 1804213.291ms (commit delay = 60000ms).\nProbe \"Sensus.Shared.Probes.Movement.PollingSpeedProbe\" has not stored data in 1758962.121ms (polling delay = 15000ms).\n","Misc":"FileLocalDataStore - added:  80734\nFileLocalDataStore - in memory:  10\nFileLocalDataStore - committed:  79511\nFileLocalDataStore - local size:  0.6 MB\nNumber of files (FileLocalDataStore):  2\nAverage file size (MB) (FileLocalDataStore):  0.32\nAmazonS3RemoteDataStore - added:  0\nAmazonS3RemoteDataStore - in memory:  0\nAmazonS3RemoteDataStore - committed:  77983\nWake lock count:  5\n","OperatingSystem":"Android M","ProbeParticipation":{"$type":"System.Collections.Generic.Dictionary`2[[System.String, mscorlib],[System.Single, mscorlib]], mscorlib","Sensus.Android.Probes.Movement.AndroidAccelerometerProbe":0.0072916667,"Sensus.Shared.Probes.Location.ListeningLocationProbe":0.0072916667,"Sensus.Shared.Probes.Location.PollingLocationProbe":0.007957176,"Sensus.Shared.Probes.Movement.ListeningSpeedProbe":0.0072916667,"Sensus.Shared.Probes.Movement.PollingSpeedProbe":0.007910879,"Sensus.Shared.Probes.User.MicrosoftBand.MicrosoftBandAccelerometerProbe":0.0072916667,"Sensus.Shared.Probes.User.MicrosoftBand.MicrosoftBandGyroscopeProbe":0.0072916667,"Sensus.Shared.Probes.User.MicrosoftBand.MicrosoftBandHeartRateProbe":0.0072916667,"Sensus.Shared.Probes.User.MicrosoftBand.MicrosoftBandSkinTemperatureProbe":0.0072916667},"Id":"161c7218-68b7-4152-b877-7a3ad4f2d64b","DeviceId":"e009d040232a2b50","Timestamp":"2016-10-20T00:13:09.359586+00:00","ProtocolId":null,"Anonymized":true},
{"$type":"Sensus.Shared.ProtocolReportDatum, Sensus.Android","Error":"","Warning":"Datastore \"Sensus.Shared.DataStores.Remote.AmazonS3RemoteDataStore\" has not committed data in 2707877.212ms (commit delay = 60000ms).\n","Misc":"FileLocalDataStore - added:  81673\nFileLocalDataStore - in memory:  5\nFileLocalDataStore - committed:  80455\nFileLocalDataStore - local size:  0.9 MB\nNumber of files (FileLocalDataStore):  2\nAverage file size (MB) (FileLocalDataStore):  0.47\nAmazonS3RemoteDataStore - added:  0\nAmazonS3RemoteDataStore - in memory:  0\nAmazonS3RemoteDataStore - committed:  77983\nWake lock count:  6\n","OperatingSystem":"Android M","ProbeParticipation":{"$type":"System.Collections.Generic.Dictionary`2[[System.String, mscorlib],[System.Single, mscorlib]], mscorlib","Sensus.Android.Probes.Movement.AndroidAccelerometerProbe":0.007638889,"Sensus.Shared.Probes.Location.ListeningLocationProbe":0.007638889,"Sensus.Shared.Probes.Location.PollingLocationProbe":0.008252315,"Sensus.Shared.Probes.Movement.ListeningSpeedProbe":0.007638889,"Sensus.Shared.Probes.Movement.PollingSpeedProbe":0.008206018,"Sensus.Shared.Probes.User.MicrosoftBand.MicrosoftBandAccelerometerProbe":0.007638889,"Sensus.Shared.Probes.User.MicrosoftBand.MicrosoftBandGyroscopeProbe":0.007638889,"Sensus.Shared.Probes.User.MicrosoftBand.MicrosoftBandHeartRateProbe":0.007638889,"Sensus.Shared.Probes.User.MicrosoftBand.MicrosoftBandSkinTemperatureProbe":0.007638889},"Id":"6f712aa6-b2e6-43a1-bae1-b152990871c1","DeviceId":"e009d040232a2b50","Timestamp":"2016-10-20T00:28:13.024937+00:00","ProtocolId":null,"Anonymized":true},
{"$type":"Sensus.Shared.ProtocolReportDatum, Sensus.Android","Error":"","Warning":"Datastore \"Sensus.Shared.DataStores.Local.FileLocalDataStore\" has not committed data in 10024.88ms (commit delay = 5000ms).\nDatastore \"Sensus.Shared.DataStores.Remote.AmazonS3RemoteDataStore\" has not committed data in 3614516.871ms (commit delay = 60000ms).\nProbe \"Sensus.Shared.Probes.Movement.PollingSpeedProbe\" has not stored data in 3569270.029ms (polling delay = 15000ms).\n","Misc":"FileLocalDataStore - added:  82607\nFileLocalDataStore - in memory:  9\nFileLocalDataStore - committed:  81385\nFileLocalDataStore - local size:  1.3 MB\nNumber of files (FileLocalDataStore):  2\nAverage file size (MB) (FileLocalDataStore):  0.63\nAmazonS3RemoteDataStore - added:  0\nAmazonS3RemoteDataStore - in memory:  0\nAmazonS3RemoteDataStore - committed:  77983\nWake lock count:  4\n","OperatingSystem":"Android M","ProbeParticipation":{"$type":"System.Collections.Generic.Dictionary`2[[System.String, mscorlib],[System.Single, mscorlib]], mscorlib","Sensus.Android.Probes.Movement.AndroidAccelerometerProbe":0.007986112,"Sensus.Shared.Probes.Location.ListeningLocationProbe":0.007986112,"Sensus.Shared.Probes.Location.PollingLocationProbe":0.008547454,"Sensus.Shared.Probes.Movement.ListeningSpeedProbe":0.007986112,"Sensus.Shared.Probes.Movement.PollingSpeedProbe":0.00849537,"Sensus.Shared.Probes.User.MicrosoftBand.MicrosoftBandAccelerometerProbe":0.007986112,"Sensus.Shared.Probes.User.MicrosoftBand.MicrosoftBandGyroscopeProbe":0.007986112,"Sensus.Shared.Probes.User.MicrosoftBand.MicrosoftBandHeartRateProbe":0.007986112,"Sensus.Shared.Probes.User.MicrosoftBand.MicrosoftBandSkinTemperatureProbe":0.007986112},"Id":"b29ae89b-14ac-43fe-9bfd-cdabd3e3cfb9","DeviceId":"e009d040232a2b50","Timestamp":"2016-10-20T00:43:19.668105+00:00","ProtocolId":null,"Anonymized":true},
{"$type":"Sensus.Shared.ProtocolReportDatum, Sensus.Android","Error":"","Warning":"Datastore \"Sensus.Shared.DataStores.Remote.AmazonS3RemoteDataStore\" has not committed data in 4512041.578ms (commit delay = 60000ms).\nProbe \"Sensus.Shared.Probes.Movement.PollingSpeedProbe\" has not stored data in 4466798.306ms (polling delay = 15000ms).\n","Misc":"FileLocalDataStore - added:  83538\nFileLocalDataStore - in memory:  4\nFileLocalDataStore - committed:  82321\nFileLocalDataStore - local size:  1.6 MB\nNumber of files (FileLocalDataStore):  2\nAverage file size (MB) (FileLocalDataStore):  0.78\nAmazonS3RemoteDataStore - added:  0\nAmazonS3RemoteDataStore - in memory:  0\nAmazonS3RemoteDataStore - committed:  77983\nWake lock count:  6\n","OperatingSystem":"Android M","ProbeParticipation":{"$type":"System.Collections.Generic.Dictionary`2[[System.String, mscorlib],[System.Single, mscorlib]], mscorlib","Sensus.Android.Probes.Movement.AndroidAccelerometerProbe":0.008333334,"Sensus.Shared.Probes.Location.ListeningLocationProbe":0.008333334,"Sensus.Shared.Probes.Location.PollingLocationProbe":0.008831019,"Sensus.Shared.Probes.Movement.ListeningSpeedProbe":0.008333334,"Sensus.Shared.Probes.Movement.PollingSpeedProbe":0.008784723,"Sensus.Shared.Probes.User.MicrosoftBand.MicrosoftBandAccelerometerProbe":0.008333334,"Sensus.Shared.Probes.User.MicrosoftBand.MicrosoftBandGyroscopeProbe":0.008333334,"Sensus.Shared.Probes.User.MicrosoftBand.MicrosoftBandHeartRateProbe":0.008333334,"Sensus.Shared.Probes.User.MicrosoftBand.MicrosoftBandSkinTemperatureProbe":0.008333334},"Id":"36455fa5-0a60-44ba-af7d-f24069ddd271","DeviceId":"e009d040232a2b50","Timestamp":"2016-10-20T00:58:17.196018+00:00","ProtocolId":null,"Anonymized":true},
{"$type":"Sensus.Shared.ProtocolReportDatum, Sensus.Android","Error":"","Warning":"Datastore \"Sensus.Shared.DataStores.Remote.AmazonS3RemoteDataStore\" has not committed data in 901825.084ms (commit delay = 60000ms).\n","Misc":"FileLocalDataStore - added:  79818\nFileLocalDataStore - in memory:  5\nFileLocalDataStore - committed:  78565\nFileLocalDataStore - local size:  1.9 MB\nNumber of files (FileLocalDataStore):  2\nAverage file size (MB) (FileLocalDataStore):  0.97\nAmazonS3RemoteDataStore - added:  0\nAmazonS3RemoteDataStore - in memory:  0\nAmazonS3RemoteDataStore - committed:  77983\nWake lock count:  5\n","OperatingSystem":"Android M","ProbeParticipation":{"$type":"System.Collections.Generic.Dictionary`2[[System.String, mscorlib],[System.Single, mscorlib]], mscorlib","Sensus.Android.Probes.Movement.AndroidAccelerometerProbe":0.0069444445,"Sensus.Shared.Probes.Location.ListeningLocationProbe":0.0069444445,"Sensus.Shared.Probes.Location.PollingLocationProbe":0.00768518541,"Sensus.Shared.Probes.Movement.ListeningSpeedProbe":0.0069444445,"Sensus.Shared.Probes.Movement.PollingSpeedProbe":0.007627315,"Sensus.Shared.Probes.User.MicrosoftBand.MicrosoftBandAccelerometerProbe":0.0069444445,"Sensus.Shared.Probes.User.MicrosoftBand.MicrosoftBandGyroscopeProbe":0.0069444445,"Sensus.Shared.Probes.User.MicrosoftBand.MicrosoftBandHeartRateProbe":0.0069444445,"Sensus.Shared.Probes.User.MicrosoftBand.MicrosoftBandSkinTemperatureProbe":0.0069444445},"Id":"9318fb86-03a2-42cc-8ff5-e158cd50a8c8","DeviceId":"e009d040232a2b50","Timestamp":"2016-10-20T01:17:07.349303+00:00","ProtocolId":null,"Anonymized":true}
]