[
{"$type":"Sensus.Shared.ProtocolReportDatum, Sensus.Android","Error":"","Warning":"Datastore \"Sensus.Shared.DataStores.Remote.AmazonS3RemoteDataStore\" has not committed data in 296939.011ms (commit delay = 60000ms).\nProbe \"Sensus.Shared.Probes.Movement.PollingSpeedProbe\" has not stored data in 245912.672ms (polling delay = 15000ms).\n","Misc":"FileLocalDataStore - added:  84291\nFileLocalDataStore - in memory:  22\nFileLocalDataStore - committed:  80572\nFileLocalDataStore - local size:  2.6 MB\nNumber of files (FileLocalDataStore):  2\nAverage file size (MB) (FileLocalDataStore):  1.3\nAmazonS3RemoteDataStore - added:  0\nAmazonS3RemoteDataStore - in memory:  0\nAmazonS3RemoteDataStore - committed:  77983\nWake lock count:  3\n","OperatingSystem":"Android M","ProbeParticipation":{"$type":"System.Collections.Generic.Dictionary`2[[System.String, mscorlib],[System.Single, mscorlib]], mscorlib","Sensus.Android.Probes.Movement.AndroidAccelerometerProbe":0.0069444445,"Sensus.Shared.Probes.Location.ListeningLocationProbe":0.0069444445,"Sensus.Shared.Probes.Location.PollingLocationProbe":0.007980324,"Sensus.Shared.Probes.Movement.ListeningSpeedProbe":0.0069444445,"Sensus.Shared.Probes.Movement.PollingSpeedProbe":0.007922454,"Sensus.Shared.Probes.User.MicrosoftBand.MicrosoftBandAccelerometerProbe":0.0069444445,"Sensus.Shared.Probes.User.MicrosoftBand.MicrosoftBandGyroscopeProbe":0.0069444445,"Sensus.Shared.Probes.User.MicrosoftBand.MicrosoftBandHeartRateProbe":0.0069444445,"Sensus.Shared.Probes.User.MicrosoftBand.MicrosoftBandSkinTemperatureProbe":0.0069444445},"Id":"b6785418-2a97-40f0-9adf-81b0adcebc67","DeviceId":"e009d040232a2b50","Timestamp":"2016-10-20T18:30:26.646141+00:00","ProtocolId":null,"Anonymized":true}
]