[
{"$type":"Sensus.Shared.ProtocolReportDatum, Sensus.Android","Error":"","Warning":"","Misc":"FileLocalDataStore - added:  84425\nFileLocalDataStore - in memory:  3\nFileLocalDataStore - committed:  80725\nFileLocalDataStore - local size:  2.7 MB\nNumber of files (FileLocalDataStore):  4\nAverage file size (MB) (FileLocalDataStore):  0.67\nAmazonS3RemoteDataStore - added:  0\nAmazonS3RemoteDataStore - in memory:  0\nAmazonS3RemoteDataStore - committed:  77983\nWake lock count:  3\n","OperatingSystem":"Android M","ProbeParticipation":{"$type":"System.Collections.Generic.Dictionary`2[[System.String, mscorlib],[System.Single, mscorlib]], mscorlib","Sensus.Android.Probes.Movement.AndroidAccelerometerProbe":0.0069444445,"Sensus.Shared.Probes.Location.ListeningLocationProbe":0.0069444445,"Sensus.Shared.Probes.Location.PollingLocationProbe":0.007997685,"Sensus.Shared.Probes.Movement.ListeningSpeedProbe":0.0069444445,"Sensus.Shared.Probes.Movement.PollingSpeedProbe":0.007939815,"Sensus.Shared.Probes.User.MicrosoftBand.MicrosoftBandAccelerometerProbe":0.0069444445,"Sensus.Shared.Probes.User.MicrosoftBand.MicrosoftBandGyroscopeProbe":0.0069444445,"Sensus.Shared.Probes.User.MicrosoftBand.MicrosoftBandHeartRateProbe":0.0069444445,"Sensus.Shared.Probes.User.MicrosoftBand.MicrosoftBandSkinTemperatureProbe":0.0069444445},"Id":"c8676fc0-c33d-401f-aef2-bb335e0f9d69","DeviceId":"e009d040232a2b50","Timestamp":"2016-10-20T19:03:47.655518+00:00","ProtocolId":null,"Anonymized":true}
]